Time (s)	Speed (mph)	Speed (m/s)	Acceleration (m/s^2)	Fa (N)	Fr (N)	Ft (N)	PFt (W)
0	0.0	0.0	0.0	0.0	1303.4	1303.4	0.0
1	0.0	0.0	0.0	0.0	1303.4	1303.4	0.0
2	0.0	0.0	0.0	0.0	1303.4	1303.4	0.0
3	0.0	0.0	0.0	0.0	1303.4	1303.4	0.0
4	0.0	0.0	0.0	0.0	1303.4	1303.4	0.0
5	0.0	0.0	0.0	0.0	1303.4	1303.4	0.0
6	0.0	0.0	0.0	0.0	1303.4	1303.4	0.0
7	0.0	0.0	0.0	0.0	1303.4	1303.4	0.0
8	0.0	0.0	0.0	0.0	1303.4	1303.4	0.0
9	0.0	0.0	0.0	0.0	1303.4	1303.4	0.0
10	0.0	0.0	0.0	0.0	1303.4	1303.4	0.0
11	0.0	0.0	0.0	0.0	1303.4	1303.4	0.0
12	0.0	0.0	0.0	0.0	1303.4	1303.4	0.0
13	0.0	0.0	0.0	0.0	1303.4	1303.4	0.0
14	0.0	0.0	0.0	0.0	1303.4	1303.4	0.0
15	0.0	0.0	0.0	0.0	1303.4	1303.4	0.0
16	0.0	0.0	0.0	0.0	1303.4	1303.4	0.0
17	0.0	0.0	0.0	0.0	1303.4	1303.4	0.0
18	0.0	0.0	0.0	0.0	1303.4	1303.4	0.0
19	0.0	0.0	0.0	0.0	1303.4	1303.4	0.0
20	0.0	0.0	0.67056	0.0	1303.4	10691.24	0.0
21	3.0	1.34112	1.3187680000000002	4.2111587931494405	1303.4	19770.363158793156	26514.429439520678
22	5.9	2.6375360000000003	1.251712	16.28782639883689	1303.4	18843.65582639884	49700.8206137367
23	8.6	3.844544	1.2517119999999997	34.60636714903695	1303.4	18861.974367149036	72515.69038137663
24	11.5	5.14096	1.274064	61.88063893266815	1303.4	19202.17663893267	98717.62201368729
25	14.3	6.392672	1.2070079999999996	95.68220684568101	1303.4	18297.194206845677	116967.96108466457
26	16.9	7.554975999999999	0.67056	133.63878476793457	1303.4	10824.878784767934	81781.6994218309
27	17.3	7.733792	0.26822400000000046	140.03974613352176	1303.4	5198.575746133529	40204.70351684152
28	18.1	8.091424	0.7599679999999993	153.29085913596532	1303.4	12096.242859135955	97875.82978024129
29	20.7	9.253727999999999	0.804672	200.49327014184476	1303.4	12769.301270141847	118163.64070394715
30	21.7	9.700768	0.3799840000000003	220.33250712290442	1303.4	6843.50850712291	66387.2883336257
31	22.4	10.013696	0.1788160000000003	234.77678178340696	1303.4	4041.6007817834115	40471.36158214142
32	22.5	10.0584	-0.06705599999999912	236.877682114656	1303.4	601.4936821146684	6050.0640521821815
33	22.1	9.879584000000001	-0.2235200000000006	228.5302295735687	1303.4	-1597.3497704264396	0.0
34	21.5	9.61136	-0.2682240000000009	216.2897946814809	1303.4	-2235.4462053185316	0.0
35	20.9	9.343136	-0.2458720000000003	204.3862524928452	1303.4	-1934.4217475071587	0.0
36	20.4	9.119615999999999	-0.24587199999999942	194.72398259523004	1303.4	-1944.0840174047617	0.0
37	19.8	8.851392	-0.7599679999999993	183.43807702958964	1303.4	-9152.7139229704	0.0
38	17.0	7.59968	-1.0952480000000002	135.22498791335423	1303.4	-13894.84701208665	0.0
39	14.9	6.660896	-0.46939200000000003	103.87992929634522	1303.4	-5164.208070703655	0.0
40	14.9	6.660896	0.06705599999999956	103.87992929634522	1303.4	2346.063929296339	15626.88784239427
41	15.2	6.795007999999999	0.134112	108.10512528547181	1303.4	3289.073125285472	22349.27819889978
42	15.5	6.92912	0.1788160000000003	112.41454445046143	1303.4	3919.238544450466	27156.874183122614
43	16.0	7.15264	0.35763200000000017	119.78407233847295	1303.4	6430.032072338476	45991.70460189108
44	17.1	7.6443840000000005	0.6929120000000006	136.82054918942532	1303.4	11140.988549189435	85165.99460960693
45	19.1	8.538464000000001	0.8940799999999998	170.69698214764972	1303.4	13991.216982147647	119463.50251825634
46	21.1	9.432544	0.8046719999999992	208.31666736645133	1303.4	12777.12466736644	120520.7906184193
47	22.7	10.147808	0.40233599999999914	241.10755716910828	1303.4	7177.211557169096	72832.964857533
48	22.9	10.237215999999998	0.0	245.37486474616634	1303.4	1548.7748647461665	15855.14282577729
49	22.7	10.147808	-0.06705599999999912	241.10755716910828	1303.4	605.7235571691208	6146.766359229261
50	22.6	10.103104	-0.31292799999999943	238.98794057655644	1303.4	-2838.604059423435	0.0
51	21.3	9.521952	-0.804672	212.28451476266326	1303.4	-9749.723485237339	0.0
52	19.0	8.49376	-0.9387840000000001	168.91425825854975	1303.4	-11670.66174174145	0.0
53	17.1	7.6443840000000005	-0.7152639999999999	136.82054918942532	1303.4	-8573.475450810573	0.0
54	15.8	7.063232	-0.29057600000000017	116.80818679131401	1303.4	-2647.8558132086882	0.0
55	15.8	7.063232	0.42468799999999973	116.80818679131401	1303.4	7365.840186791311	52026.638114230365
56	17.7	7.912608	0.8940800000000002	146.590437589532	1303.4	13967.110437589534	110516.26978535444
57	19.8	8.851392	0.8717280000000005	183.43807702958964	1303.4	13691.030077029596	121184.67409557916
58	21.6	9.656064	0.7599679999999998	218.306471836867	1303.4	12161.258471836863	117429.89012459895
59	23.2	10.371328	0.5811519999999994	251.84601209163938	1303.4	9691.374012091632	100512.41865007828
60	24.2	10.818368	0.3129280000000003	274.02478173555977	1303.4	5958.416781735565	64460.345442191014
61	24.6	10.997184	0.15646399999999971	283.1583172513684	1303.4	3777.0543172513644	41536.96130480763
62	24.9	11.131295999999999	0.08940799999999971	290.1067292600648	1303.4	2845.218729260061	31670.971860137597
63	25.0	11.176	-0.06705599999999912	292.4415828576	1303.4	657.0575828576125	7343.275546016677
64	24.6	10.997184	-0.1117600000000003	283.1583172513684	1303.4	21.918317251364215	241.03976778362653
65	24.5	10.95248	0.022351999999999705	280.860896176439	1303.4	1897.188896176435	20778.92344159448
66	24.7	11.041888	0.067056	285.4650964569491	1303.4	2527.6490964569493	27910.01822637883
67	24.8	11.086592	0.0	287.78123379318123	1303.4	1591.1812337931813	17640.77713712161
68	24.7	11.041888	-0.04470399999999941	285.4650964569491	1303.4	963.0090964569574	10633.438586058921
69	24.6	10.997184	-0.022351999999999705	283.1583172513684	1303.4	1273.6303172513726	14006.34694679172
70	24.6	10.997184	0.1117600000000003	283.1583172513684	1303.4	3151.198317251373	34654.30771530372
71	25.1	11.220704000000001	0.22351999999999972	294.78579458578656	1303.4	4727.465794585783	53045.49435117189
72	25.6	11.444224	0.13411199999999912	306.6472251864908	1303.4	3487.6152251864787	39913.049862844506
73	25.7	11.488928	-0.0447040000000003	309.0475856985859	1303.4	986.5915856985819	11334.879693496836
74	25.4	11.354816	-0.1788160000000003	301.8745785542547	1303.4	-898.1494214457498	0.0
75	24.9	11.131295999999999	-0.08940799999999971	290.1067292600648	1303.4	341.79472926006906	3804.6183026336894
76	25.0	11.176	0.1117600000000003	292.4415828576	1303.4	3160.4815828576043	35321.54217001658
77	25.4	11.354816	0.22351999999999972	301.8745785542547	1303.4	4734.554578554251	53759.99608144106
78	26.0	11.62304	0.134112	316.30481601878006	1303.4	3497.2728160187803	40648.94183149892
79	26.0	11.62304	-0.067056	316.30481601878006	1303.4	680.92081601878	7914.36988141892
80	25.7	11.488928	0.022352000000000594	309.0475856985859	1303.4	1925.3755856985943	22120.50147704898
81	26.1	11.667744	0.22351999999999972	318.74260905348115	1303.4	4751.422609053478	55438.38263824806
82	26.7	11.935967999999999	0.31292799999999943	333.56588800536707	1303.4	6017.95788800536	71830.15277657955
83	27.5	12.2936	0.4246880000000006	353.85431525769593	1303.4	7602.886315257705	93466.84320525212
84	28.6	12.785344	0.402336	382.72882738272403	1303.4	7318.832827382725	93573.79537658076
85	29.3	13.098272	0.268224	401.69307914787356	1303.4	5460.229079147874	71519.56566098837
86	29.8	13.321792	0.1788160000000003	415.5197171853809	1303.4	4222.343717185386	56249.18475285053
87	30.1	13.455904	0.13411199999999912	423.92799757570265	1303.4	3604.89599757569	48507.13447336272
88	30.4	13.590015999999999	0.134112	432.42050114188726	1303.4	3613.3885011418874	49106.00754473426
89	30.7	13.724128	0.06705600000000089	440.99722788393507	1303.4	2683.181227883948	36824.32261867647
90	30.7	13.724128	-0.0447040000000003	440.99722788393507	1303.4	1118.541227883931	15351.002984756238
91	30.5	13.63472	-0.06705600000000089	435.27005192525183	1303.4	799.8860519252394	10906.2223499061
92	30.4	13.590015999999999	-0.04470399999999941	432.42050114188726	1303.4	1109.9645011418957	15084.435329950378
93	30.3	13.545312000000001	0.0	429.5803084891744	1303.4	1732.9803084891746	23473.75896834212
94	30.4	13.590015999999999	0.11175999999999942	432.42050114188726	1303.4	3300.4605011418794	44853.31101788615
95	30.8	13.768832	0.0	443.8748530592538	1303.4	1747.274853059254	24057.933909597552
96	30.4	13.590015999999999	-0.201168	432.42050114188726	1303.4	-1080.531498858113	0.0
97	29.9	13.366496	-0.20116799999999913	418.31311918483675	1303.4	-1094.638880815151	0.0
98	29.5	13.18768	-0.022351999999999705	407.19565997092224	1303.4	1397.6676599709265	18431.99384604539
99	29.8	13.321792	0.1788160000000003	415.5197171853809	1303.4	4222.343717185386	56249.18475285053
100	30.3	13.545312000000001	0.201168	429.5803084891744	1303.4	4549.3323084891745	61622.12551016612
101	30.7	13.724128	0.13411199999999912	440.99722788393507	1303.4	3621.965227883923	49708.31439902813
102	30.9	13.813536	0.067056	446.761836365224	1303.4	2688.9458363652243	37143.85011268113
103	31.0	13.85824	0.0	449.65817780184574	1303.4	1753.0581778018459	24294.300961940655
104	30.9	13.813536	-0.1341120000000009	446.761836365224	1303.4	-127.4061636347883	0.0
105	30.4	13.590015999999999	-0.24587199999999942	432.42050114188726	1303.4	-1706.3874988581047	0.0
106	29.8	13.321792	-0.11175999999999942	415.5197171853809	1303.4	154.27971718538902	2055.282302162578
107	29.9	13.366496	0.08940799999999971	418.31311918483675	1303.4	2973.4251191848325	39744.27496188359
108	30.2	13.500608	0.1788160000000003	426.74947396711275	1303.4	4233.573473967117	57155.81591122825
109	30.7	13.724128	0.22351999999999972	440.99722788393507	1303.4	4873.677227883931	66886.97010616424
110	31.2	13.947648	0.2458720000000003	455.4789350670433	1303.4	5201.086935067047	72542.92978771403
111	31.8	14.215872000000001	0.2235200000000006	473.1658019982711	1303.4	4905.845801998279	69740.87597294488
112	32.2	14.394688	0.13411199999999912	485.1442092321183	1303.4	3666.112209232106	52772.54142488689
113	32.4	14.484096	0.0	491.1895616329506	1303.4	1794.5895616329508	25993.007491289576
114	32.2	14.394688	-0.15646399999999971	485.1442092321183	1303.4	-401.9517907678776	0.0
115	31.7	14.171168	-0.804672	470.1945955164378	1303.4	-9491.813404483564	0.0
116	28.6	12.785344	-1.4305279999999998	382.72882738272403	1303.4	-18341.26317261727	0.0
117	25.3	11.310112	-1.475232	299.5022924341139	1303.4	-19050.345707565884	0.0
118	22.0	9.83488	-1.475232	226.46676176492542	1303.4	-19123.381238235073	0.0
119	18.7	8.359648	-1.475232	163.62223537515862	1303.4	-19186.22576462484	0.0
120	15.4	6.884416	-1.475232	110.96871326481345	1303.4	-19238.879286735184	0.0
121	12.1	5.409184	-1.4752319999999999	68.50619543388994	1303.4	-19281.34180456611	0.0
122	8.8	3.933952	-1.4752319999999999	36.234681882388074	1303.4	-19313.61331811761	0.0
123	5.5	2.45872	-1.475232	14.154172610307839	1303.4	-19335.69382738969	0.0
124	2.2	0.983488	-1.22936	2.2646676176492546	1303.4	-15905.375332382353	0.0
125	0.0	0.0	-0.491744	0.0	1303.4	-5581.016	0.0
126	0.0	0.0	0.0	0.0	1303.4	1303.4	0.0
127	0.0	0.0	0.0	0.0	1303.4	1303.4	0.0
128	0.0	0.0	0.0	0.0	1303.4	1303.4	0.0
129	0.0	0.0	0.0	0.0	1303.4	1303.4	0.0
130	0.0	0.0	0.0	0.0	1303.4	1303.4	0.0
131	0.0	0.0	0.0	0.0	1303.4	1303.4	0.0
132	0.0	0.0	0.0	0.0	1303.4	1303.4	0.0
133	0.0	0.0	0.0	0.0	1303.4	1303.4	0.0
134	0.0	0.0	0.0	0.0	1303.4	1303.4	0.0
135	0.0	0.0	0.0	0.0	1303.4	1303.4	0.0
136	0.0	0.0	0.0	0.0	1303.4	1303.4	0.0
137	0.0	0.0	0.0	0.0	1303.4	1303.4	0.0
138	0.0	0.0	0.0	0.0	1303.4	1303.4	0.0
139	0.0	0.0	0.0	0.0	1303.4	1303.4	0.0
140	0.0	0.0	0.0	0.0	1303.4	1303.4	0.0
141	0.0	0.0	0.0	0.0	1303.4	1303.4	0.0
142	0.0	0.0	0.0	0.0	1303.4	1303.4	0.0
143	0.0	0.0	0.0	0.0	1303.4	1303.4	0.0
144	0.0	0.0	0.0	0.0	1303.4	1303.4	0.0
145	0.0	0.0	0.0	0.0	1303.4	1303.4	0.0
146	0.0	0.0	0.0	0.0	1303.4	1303.4	0.0
147	0.0	0.0	0.0	0.0	1303.4	1303.4	0.0
148	0.0	0.0	0.0	0.0	1303.4	1303.4	0.0
149	0.0	0.0	0.0	0.0	1303.4	1303.4	0.0
150	0.0	0.0	0.0	0.0	1303.4	1303.4	0.0
151	0.0	0.0	0.0	0.0	1303.4	1303.4	0.0
152	0.0	0.0	0.0	0.0	1303.4	1303.4	0.0
153	0.0	0.0	0.0	0.0	1303.4	1303.4	0.0
154	0.0	0.0	0.0	0.0	1303.4	1303.4	0.0
155	0.0	0.0	0.0	0.0	1303.4	1303.4	0.0
156	0.0	0.0	0.0	0.0	1303.4	1303.4	0.0
157	0.0	0.0	0.0	0.0	1303.4	1303.4	0.0
158	0.0	0.0	0.0	0.0	1303.4	1303.4	0.0
159	0.0	0.0	0.0	0.0	1303.4	1303.4	0.0
160	0.0	0.0	0.0	0.0	1303.4	1303.4	0.0
161	0.0	0.0	0.0	0.0	1303.4	1303.4	0.0
162	0.0	0.0	0.0	0.0	1303.4	1303.4	0.0
163	0.0	0.0	0.7376159999999999	0.0	1303.4	11630.024	0.0
164	3.3	1.4752319999999999	1.4752319999999999	5.095502139710821	1303.4	21961.74350213971	32398.666790148567
165	6.6	2.9504639999999998	1.475232	20.382008558843285	1303.4	21977.030008558846	64842.435867172564
166	9.9	4.425696	1.4752319999999999	45.85951925739741	1303.4	22002.507519257397	97376.4095179474
167	13.2	5.9009279999999995	1.4752319999999997	81.52803423537314	1303.4	22038.17603423537	130045.69002934844
168	16.5	7.37616	1.4752320000000005	127.38755349277054	1303.4	22084.03555349278	162895.3796882513
169	19.8	8.851392	1.2740639999999996	183.43807702958964	1303.4	19323.734077029585	171041.94521954705
170	22.2	9.924287999999999	1.00584	230.60305551286328	1303.4	15615.763055512864	154975.32990266962
171	24.3	10.863072	0.8046720000000009	276.29412841853474	1303.4	12845.102128418548	139537.26926836395
172	25.8	11.533632	0.46939199999999914	311.4573043413326	1303.4	8186.345304341321	94418.2941652008
173	26.4	11.801855999999999	-0.022352000000000594	326.11213694149257	1303.4	1316.5841369414843	15538.136396067677
174	25.7	11.488928	-0.29057599999999884	309.0475856985859	1303.4	-2455.6164143013975	0.0
175	25.1	11.220704000000001	-0.22351999999999972	294.78579458578656	1303.4	-1531.0942054142092	0.0
176	24.7	11.041888	-0.022352000000000594	285.4650964569491	1303.4	1275.937096456941	14088.754514122738
177	25.0	11.176	0.11175999999999942	292.4415828576	1303.4	3160.481582857592	35321.54217001645
178	25.2	11.265407999999999	0.08940799999999971	297.1393644446244	1303.4	2852.2513644446203	32131.77533902534
179	25.4	11.354816	0.1341120000000009	301.8745785542547	1303.4	3482.842578554267	39547.03663644925
180	25.8	11.533632	0.402336	311.4573043413326	1303.4	7247.561304341334	83590.70498171296
181	27.2	12.159488	0.15646399999999971	346.1759690581868	1303.4	3840.0719690581827	46693.30902689934
182	26.5	11.84656	-0.7152639999999995	328.58736249879934	1303.4	-8381.708637501193	0.0
183	24.0	10.72896	-0.8493760000000004	269.5141627615642	1303.4	-10318.34983723844	0.0
184	22.7	10.147808	-1.0281920000000007	241.10755716910828	1303.4	-12850.1804428309	0.0
185	19.4	8.672576	-1.1176	176.1013025988581	1303.4	-14166.898697401142	0.0
186	17.7	7.912608	-0.49174399999999974	146.590437589532	1303.4	-5434.425562410464	0.0
187	17.2	7.689088	0.08940800000000015	138.4254685961478	1303.4	2693.53746859615	20710.846627333034
188	18.1	8.091424	0.3129280000000003	153.29085913596532	1303.4	5837.68285913597	47235.1671908014
189	18.6	8.314944	0.42468799999999973	161.8769440086645	1303.4	7410.908944008661	61621.29285853115
190	20.0	8.9408	0.8046719999999992	187.16261302886394	1303.4	12755.970613028852	114048.58205696836
191	22.2	9.924287999999999	1.00584	230.60305551286328	1303.4	15615.763055512864	154975.32990266962
192	24.5	10.95248	1.139952000000001	280.860896176439	1303.4	17543.588896176454	192145.80651359467
193	27.3	12.204192	1.34112	348.7260596607052	1303.4	20427.806059660707	249304.86729086272
194	30.5	13.63472	1.3858239999999995	435.27005192525183	1303.4	21140.206051925245	288240.79026030615
195	33.5	14.97584	1.274064	525.1081061791065	1303.4	19665.404106179107	294505.94542948133
196	36.2	16.182848	0.8493759999999986	613.1634365438613	1303.4	13807.82743654384	223449.97261581858
197	37.3	16.674591999999997	0.6929119999999998	650.9936797023202	1303.4	11655.161679702316	194345.06570307078
198	39.3	17.568672	0.7152640000000012	722.6769604923752	1303.4	12039.772960492393	211522.8220973598
199	40.5	18.10512	0.6258560000000006	767.4836900514853	1303.4	10832.867690051495	196130.36947250512
200	42.1	18.820384	0.67056	829.3222173962221	1303.4	11520.562217396222	216821.40482728838
201	43.5	19.44624	0.67056	885.3961362596696	1303.4	11576.636136259669	225122.04469837822
202	45.1	20.161504	0.5587999999999997	951.7265663170992	1303.4	10078.326566317095	203194.22138010839
203	46.0	20.56384	0.37998399999999855	990.0902229226904	1303.4	7613.26622292267	156557.9884855861
204	46.8	20.921471999999998	0.3352800000000009	1024.8276039008474	1303.4	7022.147603900859	146913.6644748789
205	47.5	21.2344	0.1564640000000015	1055.7141141159361	1303.4	4549.610114115958	96608.2410071839
206	47.5	21.2344	-0.04470400000000119	1055.7141141159361	1303.4	1733.2581141159196	36804.69609838309
207	47.3	21.144992	-0.06705599999999912	1046.8426062583676	1303.4	1411.45860625838	29845.280937664596
208	47.2	21.100288000000003	-0.06705599999999912	1042.420889525561	1303.4	1407.0368895255735	29688.88359561379
209	47.0	21.01088	-0.04470400000000119	1033.6055304519014	1303.4	1711.1495304518849	35952.7574463809
210	47.0	21.01088	0.0	1033.6055304519014	1303.4	2337.0055304519014	49102.54275966125
211	47.0	21.01088	0.0	1033.6055304519014	1303.4	2337.0055304519014	49102.54275966125
212	47.0	21.01088	0.0	1033.6055304519014	1303.4	2337.0055304519014	49102.54275966125
213	47.0	21.01088	0.04470400000000119	1033.6055304519014	1303.4	2962.861530451918	62252.32807294159
214	47.2	21.100288000000003	0.08940799999999882	1042.420889525561	1303.4	3597.5328895255448	75908.98005846118
215	47.4	21.189695999999998	0.15646399999999794	1051.2736811218258	1303.4	4545.169681121797	96310.7638113878
216	47.9	21.413216	0.2458720000000003	1073.5694273988893	1303.4	5819.177427398894	124607.30319521682
217	48.5	21.68144	0.2682240000000018	1100.633141242863	1303.4	6159.169141242888	133539.6561857092
218	49.1	21.949664000000002	0.2235200000000006	1128.0337477902892	1303.4	5560.713747790298	122055.7983641778
219	49.5	22.12848	0.20116799999999913	1146.487981434935	1303.4	5266.239981434923	116533.88610438305
220	50.0	22.352	0.2458720000000003	1169.7663314304	1303.4	5915.374331430405	132220.4470561324
221	50.6	22.620224	0.22351999999999883	1198.0091697364555	1303.4	5630.689169736439	127367.45029381228
222	51.0	22.799039999999998	0.20116799999999913	1217.0248912201878	1303.4	5336.7768912201755	121673.38981400442
223	51.5	23.02256	0.2682240000000018	1241.0051010145112	1303.4	6299.541101014536	145031.5629705732
224	52.2	23.335488	0.3799840000000003	1274.9704362139246	1303.4	7898.146436213929	184307.1013845129
225	53.2	23.782528	0.42468799999999973	1324.28778474703	1303.4	8573.319784747026	203895.2178337001
226	54.1	24.184864	0.3129280000000012	1369.4735185975235	1303.4	7053.86551859754	170596.77824157098
227	54.6	24.408384	0.17881599999999942	1394.9042386428207	1303.4	5201.728238642812	126965.78031243742
228	54.9	24.542496	0.08940799999999882	1410.2749682378158	1303.4	3965.3869682377995	97320.49380642832
229	55.0	24.5872	0.0	1415.4172610307837	1303.4	2718.817261030784	66848.10376041608
230	54.9	24.542496	-0.08940799999999882	1410.2749682378158	1303.4	1461.9629682378322	35880.220300125126
231	54.6	24.408384	-0.06705599999999912	1394.9042386428207	1303.4	1759.5202386428332	42947.04564056591
232	54.6	24.408384	0.044703999999997635	1394.9042386428207	1303.4	3324.1602386427876	81137.37958232481
233	54.8	24.497791999999997	0.11175999999999853	1405.142033575499	1303.4	4273.182033575478	104683.52463666907
234	55.1	24.631904	0.1564640000000015	1420.5689119544033	1303.4	4914.464911954425	121052.62792262984
235	55.5	24.81072	0.13411200000000179	1441.2690969553958	1303.4	4622.237096955421	114681.0303861738
236	55.7	24.900128000000002	0.134112	1451.6753382398008	1303.4	4632.643338239801	115353.41210051834
237	56.1	25.078944	0.13411199999999823	1472.6001183764274	1303.4	4653.568118376403	116706.57424094717
238	56.3	25.168352	0.1117600000000003	1483.1186572286495	1303.4	4351.158657228654	109511.4926929781
239	56.6	25.302464	0.0894080000000006	1498.9666514868688	1303.4	4054.0786514868773	102578.17913241526
240	56.7	25.347168	0.022351999999999705	1504.2680325009114	1303.4	3120.5960325009073	79098.27189593395
241	56.7	25.347168	-0.04470399999999941	1504.2680325009114	1303.4	2181.8120325009195	55302.75613222227
242	56.5	25.25776	-0.04470399999999941	1493.674628603478	1303.4	2171.218628603486	54840.11902879599
243	56.5	25.25776	0.0	1493.674628603478	1303.4	2797.0746286034782	70647.83967135579
244	56.5	25.25776	0.0	1493.674628603478	1303.4	2797.0746286034782	70647.83967135579
245	56.5	25.25776	0.0	1493.674628603478	1303.4	2797.0746286034782	70647.83967135579
246	56.5	25.25776	0.0	1493.674628603478	1303.4	2797.0746286034782	70647.83967135579
247	56.5	25.25776	-0.022352000000001482	1493.674628603478	1303.4	2484.1466286034574	62743.979350075264
248	56.4	25.213055999999998	-0.0894080000000006	1488.3919638507377	1303.4	1540.0799638507294	38830.12237304641
249	56.1	25.078944	-0.134112	1472.6001183764274	1303.4	898.4321183764273	22531.72878456379
250	55.8	24.944831999999998	-0.2235200000000006	1456.89249607798	1303.4	-368.9875039220283	0.0
251	55.1	24.631904	-0.26822399999999824	1420.5689119544033	1303.4	-1031.1670880455717	0.0
252	54.6	24.408384	-0.20116799999999913	1394.9042386428207	1303.4	-118.04776135716679	0.0
253	54.2	24.229568	-0.13411200000000179	1374.54094634528	1303.4	800.3729463452551	19392.69072883271
254	54.0	24.140159999999998	-0.1117600000000003	1364.4154489804182	1303.4	1103.175448980414	26630.83184645903
255	53.7	24.006048	-0.08940799999999882	1349.2973889130121	1303.4	1400.9853889130286	33632.12249354483
256	53.6	23.961344	0.04470399999999941	1344.2767518185128	1303.4	3273.532751818505	78438.24436158982
257	53.9	24.095456	0.08940799999999882	1359.3667374939646	1303.4	3914.4787374939483	94321.15018222098
258	54.0	24.140159999999998	0.04470400000000119	1364.4154489804182	1303.4	3293.671448980435	79509.75576581953
259	54.1	24.184864	0.022352000000001482	1369.4735185975235	1303.4	2985.8015185975446	72211.20365827509
260	54.1	24.184864	-0.06705600000000089	1369.4735185975235	1303.4	1734.089518597511	41938.71917110628
261	53.8	24.050752	-0.1564640000000015	1354.3273841381626	1303.4	467.2313841381417	11237.26614652318
262	53.4	23.871935999999998	-0.17881599999999942	1334.2635520214683	1303.4	134.23955202147658	3204.5579945253594
263	53.0	23.69312	-0.17881599999999942	1314.3494499951973	1303.4	114.32544999520564	2708.7266057904067
264	52.6	23.514304	-0.2011680000000009	1294.5850780593494	1303.4	-218.36692194066313	0.0
265	52.1	23.290784	-0.04470399999999941	1270.0901710791966	1303.4	1947.6341710792049	45361.926789624806
266	52.4	23.424896	-0.022351999999999705	1284.759040875334	1303.4	2275.2310408753383	53297.05050847655
267	52.0	23.24608	-0.1117600000000003	1265.2192640751202	1303.4	1003.9792640751161	23338.582291031275
268	51.9	23.201376	-0.06705599999999912	1260.3577152016958	1303.4	1624.9737152017083	37701.626156511746
269	51.7	23.111968	-0.0894080000000006	1250.6626918468007	1303.4	1302.3506918467924	30099.887514740927
270	51.5	23.02256	-0.022351999999999705	1241.0051010145112	1303.4	2231.4771010145155	51374.31544673274
271	51.6	23.067264	0.06705599999999912	1245.8292173653304	1303.4	3488.013217365318	80458.92172045518
272	51.8	23.156671999999997	0.11175999999999853	1255.5055244589223	1303.4	4123.545524458901	95487.59118696273
273	52.1	23.290784	0.1564640000000015	1270.0901710791966	1303.4	4763.9861710792175	110956.97288959309
274	52.5	23.4696	0.2011680000000009	1289.667380402016	1303.4	5409.419380402029	126956.90909028346
275	53.0	23.69312	0.2235200000000006	1314.3494499951973	1303.4	5747.029449995205	136165.0584022704
276	53.5	23.91664	0.22351999999999883	1339.265472854665	1303.4	5771.945472854648	138045.5419738944
277	54.0	24.140159999999998	0.31292799999999943	1364.4154489804182	1303.4	7048.807448980409	170159.3396275789
278	54.9	24.542496	0.3129280000000012	1410.2749682378158	1303.4	7094.666968237832	174120.83568930914
279	55.4	24.766016	0.15646399999999971	1436.0800135091706	1303.4	4929.976013509167	122095.86483018426
280	55.6	24.855424	0.134112	1446.4675385322723	1303.4	4627.435538532272	115016.87234288796
281	56.0	25.03424	0.0894080000000006	1467.3548861462937	1303.4	4022.466886146302	100699.4014198392
282	56.0	25.03424	-0.04470400000000119	1467.3548861462937	1303.4	2144.898886146277	53695.91349151858
283	55.8	24.944831999999998	-0.17881599999999942	1456.89249607798	1303.4	256.8684960779883	6407.541480758076
284	55.2	24.676608	-0.2905759999999997	1425.7299210086744	1303.4	-1338.9340789913217	0.0
285	54.5	24.36368	-0.3576320000000006	1389.7993783724578	1303.4	-2313.648621627551	0.0
286	53.6	23.961344	-0.44703999999999944	1344.2767518185128	1303.4	-3610.8832481814793	0.0
287	52.5	23.4696	-0.4693920000000009	1289.667380402016	1303.4	-3978.4206195979964	0.0
288	51.5	23.02256	-0.2235200000000006	1241.0051010145112	1303.4	-584.8748989854971	0.0
289	51.5	23.02256	0.0	1241.0051010145112	1303.4	2544.4051010145113	58578.719102412644
290	51.5	23.02256	-0.08940799999999882	1241.0051010145112	1303.4	1292.6931010145277	29761.104479693022
291	51.1	22.843744	-0.31292799999999943	1221.8022169177498	1303.4	-1855.7897830822421	0.0
292	50.1	22.396704	-0.2458720000000003	1174.4500758214472	1303.4	-964.3579241785569	0.0
293	50.0	22.352	0.0	1169.7663314304	1303.4	2473.1663314304	55280.2138401323
294	50.1	22.396704	0.0	1174.4500758214472	1303.4	2477.8500758214473	55495.67470455051
295	50.0	22.352	-0.1117600000000003	1169.7663314304	1303.4	908.5263314303959	20307.38056013221
296	49.6	22.173184	-0.1117600000000003	1151.124935172725	1303.4	889.8849351727208	19731.58240641281
297	49.5	22.12848	-0.022351999999999705	1146.487981434935	1303.4	2136.959981434939	47287.676209983416
298	49.5	22.12848	0.0	1146.487981434935	1303.4	2449.8879814349348	54212.29719942332
299	49.5	22.12848	-0.08940799999999882	1146.487981434935	1303.4	1198.1759814349514	26513.81324166369
300	49.1	21.949664000000002	-0.20116799999999913	1128.0337477902892	1303.4	-384.91825220969827	0.0
301	48.6	21.726144	-0.2235200000000006	1105.176513674139	1303.4	-720.7034863258693	0.0
302	48.1	21.502624	-0.31292799999999943	1082.553232824275	1303.4	-1995.0387671757167	0.0
303	47.2	21.100288000000003	-0.44703999999999944	1042.420889525561	1303.4	-3912.7391104744306	0.0
304	46.1	20.608544000000002	-0.4917440000000006	994.3996420876803	1303.4	-4586.616357912328	0.0
305	45.0	20.1168	-0.5140960000000021	947.510728458624	1303.4	-4946.433271541406	0.0
306	43.8	19.580351999999998	-0.536448	897.6506083477344	1303.4	-5309.221391652267	0.0
307	42.6	19.043904	-0.5140959999999986	849.138059050653	1303.4	-5044.805940949327	0.0
308	41.5	18.55216	-0.5140960000000021	805.8520257224026	1303.4	-5088.091974277626	0.0
309	40.3	18.015711999999997	-0.67056	759.922320485119	1303.4	-7324.517679514882	0.0
310	38.5	17.21104	-0.7376159999999992	693.5544579050842	1303.4	-8329.669542094905	0.0
311	37.0	16.54048	-0.737616	640.564043091287	1303.4	-8382.659956908714	0.0
312	35.2	15.735808	-0.7152640000000003	579.7549101182092	1303.4	-8130.541089881797	0.0
313	33.8	15.109951999999998	-0.603504	534.5551390717383	1303.4	-6611.100860928262	0.0
314	32.5	14.5288	-0.5140959999999994	494.226275029344	1303.4	-5399.717724970647	0.0
315	31.5	14.08176	-0.42468799999999973	464.28025694472564	1303.4	-4177.95174305527	0.0
316	30.6	13.679424000000001	-0.22351999999999972	438.1289608392678	1303.4	-1387.7510391607284	0.0
317	30.5	13.63472	-0.1341120000000009	435.27005192525183	1303.4	-138.8979480747605	0.0
318	30.0	13.4112	-0.33528	421.1158793149439	1303.4	-2969.4041206850557	0.0
319	29.0	12.96416	-0.5587999999999997	393.5093938931865	1303.4	-6126.29060610681	0.0
320	27.5	12.2936	-0.9387840000000001	353.85431525769593	1303.4	-11485.721684742304	0.0
321	24.8	11.086592	-1.34112	287.78123379318123	1303.4	-17184.498766206816	0.0
322	21.5	9.61136	-1.0505439999999995	216.2897946814809	1303.4	-13187.926205318512	0.0
323	20.1	8.985504	-0.5364479999999991	189.03891822447838	1303.4	-6017.83308177551	0.0
324	19.1	8.538464000000001	-0.3576320000000006	170.69698214764972	1303.4	-3532.7510178523594	0.0
325	18.5	8.27024	-0.4693920000000005	160.14101077282174	1303.4	-5107.9469892271845	0.0
326	17.0	7.59968	-0.6705599999999996	135.22498791335423	1303.4	-7949.215012086641	0.0
327	15.5	6.92912	-1.00584	112.41454445046143	1303.4	-12665.94545554954	0.0
328	12.5	5.588	-1.050544	73.1103957144	1303.4	-13331.105604285598	0.0
329	10.8	4.828032	-1.00584	54.57661795921675	1303.4	-12723.783382040783	0.0
330	8.0	3.57632	-1.3634720000000002	29.946018084618238	1303.4	-17755.261981915384	0.0
331	4.7	2.101088	-1.475232	10.336055304519011	1303.4	-19339.511944695478	0.0
332	1.4	0.625856	-1.050544	0.9170968038414334	1303.4	-13403.298903196157	0.0
333	0.0	0.0	-0.312928	0.0	1303.4	-3077.592	0.0
334	0.0	0.0	0.0	0.0	1303.4	1303.4	0.0
335	0.0	0.0	0.0	0.0	1303.4	1303.4	0.0
336	0.0	0.0	0.0	0.0	1303.4	1303.4	0.0
337	0.0	0.0	0.0	0.0	1303.4	1303.4	0.0
338	0.0	0.0	0.0	0.0	1303.4	1303.4	0.0
339	0.0	0.0	0.0	0.0	1303.4	1303.4	0.0
340	0.0	0.0	0.0	0.0	1303.4	1303.4	0.0
341	0.0	0.0	0.0	0.0	1303.4	1303.4	0.0
342	0.0	0.0	0.0	0.0	1303.4	1303.4	0.0
343	0.0	0.0	0.0	0.0	1303.4	1303.4	0.0
344	0.0	0.0	0.0	0.0	1303.4	1303.4	0.0
345	0.0	0.0	0.0	0.0	1303.4	1303.4	0.0
346	0.0	0.0	0.22352	0.0	1303.4	4432.68	0.0
347	1.0	0.44704	0.961136	0.46790653257215997	1303.4	14759.771906532573	6598.208433096322
348	4.3	1.922272	1.4752319999999999	8.651591787259237	1303.4	21965.29959178726	42223.280376904084
349	7.6	3.3975039999999996	1.4752319999999999	27.026281321367954	1303.4	21983.674281321368	74689.62130548646
350	10.9	4.872736	1.475232	55.59197513489831	1303.4	22012.2399751349	107259.83416747893
351	14.2	6.347968	1.4305280000000002	94.34867322785033	1303.4	21425.140673227856	136006.10738914888
352	17.3	7.733792	1.2964159999999998	140.03974613352176	1303.4	19593.26374613352	151530.22641373746
353	20.0	8.9408	1.1623040000000002	187.16261302886394	1303.4	17762.818613028867	158813.80865536848
354	22.5	10.0584	0.8270239999999998	236.877682114656	1303.4	13118.613682114654	131952.26386018205
355	23.7	10.594847999999999	0.6035039999999992	262.81842028045645	1303.4	10015.274420280444	106110.31016115942
356	25.2	11.265407999999999	0.6482080000000003	297.1393644446244	1303.4	10675.451364444629	120263.31520462543
357	26.6	11.891264	0.6482080000000003	331.0719461867575	1303.4	10709.383946186761	127348.11178146857
358	28.1	12.561824	0.7599679999999998	369.46367718430326	1303.4	12312.415677184299	154666.39875162998
359	30.0	13.4112	0.603504	421.1158793149439	1303.4	10173.571879314944	136439.80718786857
360	30.8	13.768832	0.3576320000000006	443.8748530592538	1303.4	6754.122853059263	92996.38287113368
361	31.6	14.126464	0.2905760000000006	467.23274716525606	1303.4	5838.696747165264	82480.1394057472
362	32.1	14.349984000000001	0.26822399999999913	482.13557022767935	1303.4	5540.671570227667	79508.54838202191
363	32.8	14.662911999999999	0.33528	503.3925640024325	1303.4	6500.712564002433	95319.37626326203
364	33.6	15.020544000000001	0.3799840000000003	528.2477590126658	1303.4	7151.42375901267	107418.27523489522
365	34.5	15.42288	0.22351999999999972	556.9257503940133	1303.4	4989.60575039401	76954.09073563677
366	34.6	15.467584	0.08940799999999971	560.158984534087	1303.4	3115.2709845340833	48185.715636043635
367	34.9	15.601695999999999	0.04470399999999941	569.9148357382164	1303.4	2499.1708357382086	38991.30363125346
368	34.8	15.556992	-0.08940799999999971	566.6535272061885	1303.4	618.3415272061927	9619.534192014522
369	34.5	15.42288	-0.022351999999998817	556.9257503940133	1303.4	1547.39775039403	23865.329816597077
370	34.7	15.512288000000002	0.2235200000000006	563.4015768048122	1303.4	4996.0815768048205	77500.6562908905
371	35.5	15.86992	0.2905759999999997	589.6792076740646	1303.4	5961.14320767406	94602.86581433073
372	36.0	16.09344	0.1117600000000003	606.4068662135194	1303.4	3474.4468662135237	55915.802174595374
373	36.0	16.09344	0.0	606.4068662135194	1303.4	1909.8068662135195	30735.362212995304
374	36.0	16.09344	0.0	606.4068662135194	1303.4	1909.8068662135195	30735.362212995304
375	36.0	16.09344	0.0	606.4068662135194	1303.4	1909.8068662135195	30735.362212995304
376	36.0	16.09344	0.0	606.4068662135194	1303.4	1909.8068662135195	30735.362212995304
377	36.0	16.09344	0.022351999999999705	606.4068662135194	1303.4	2222.7348662135155	35771.45020531524
378	36.1	16.138144	0.08940799999999882	609.7804723133647	1303.4	3164.8924723133487	51075.49046270883
379	36.4	16.272256	0.08940799999999882	619.957439396809	1303.4	3175.069439396793	51665.542735641095
380	36.5	16.316959999999998	0.0	623.36847801926	1303.4	1926.76847801926	31439.00418510114
381	36.4	16.272256	-0.11175999999999853	619.957439396809	1303.4	358.7174393968297	5837.1420055296985
382	36.0	16.09344	-0.29057599999999884	606.4068662135194	1303.4	-2158.2571337864642	0.0
383	35.1	15.691104000000001	-0.4246880000000006	576.4655271942269	1303.4	-4065.766472805782	0.0
384	34.1	15.244064	-0.3576320000000006	544.0863951402333	1303.4	-3159.3616048597755	0.0
385	33.5	14.97584	-0.603504	525.1081061791065	1303.4	-6620.547893820894	0.0
386	31.4	14.037056	-1.00584	461.3371248548468	1303.4	-12317.022875145154	0.0
387	29.0	12.96416	-1.274064	393.5093938931865	1303.4	-16139.986606106815	0.0
388	25.7	11.488928	-1.34112	309.0475856985859	1303.4	-17163.232414301412	0.0
389	23.0	10.28192	-1.207008	247.5225557306726	1303.4	-15347.189444269328	0.0
390	20.3	9.074912	-1.2293599999999998	192.81960300766139	1303.4	-15714.820396992336	0.0
391	17.5	7.8232	-1.2964159999999998	143.296375600224	1303.4	-16703.12762439977	0.0
392	14.5	6.48208	-1.2293599999999998	98.37734847329662	1303.4	-15809.262651526702	0.0
393	12.0	5.36448	-1.296416	67.37854069039105	1303.4	-16779.045459309607	0.0
394	8.7	3.889248	-1.475232	35.41584545038678	1303.4	-19314.43215454961	0.0
395	5.4	2.414016	-1.4752319999999999	13.644154489804187	1303.4	-19336.203845510194	0.0
396	2.1	0.9387840000000001	-1.207008	2.063467808643226	1303.4	-15592.648532191359	0.0
397	0.0	0.0	-0.46939200000000003	0.0	1303.4	-5268.088	0.0
398	0.0	0.0	0.0	0.0	1303.4	1303.4	0.0
399	0.0	0.0	0.0	0.0	1303.4	1303.4	0.0
400	0.0	0.0	0.0	0.0	1303.4	1303.4	0.0
401	0.0	0.0	0.0	0.0	1303.4	1303.4	0.0
402	0.0	0.0	0.581152	0.0	1303.4	9439.528	0.0
403	2.6	1.162304	1.3187680000000002	3.1630481601878015	1303.4	19769.31504816019	22977.953957736783
404	5.9	2.6375360000000003	1.475232	16.28782639883689	1303.4	21972.93582639884	57954.4092678167
405	9.2	4.112768	1.4752319999999999	39.603608916907625	1303.4	21996.251608916908	90465.47973710197
406	12.5	5.588	1.475232	73.1103957144	1303.4	22029.7583957144	123102.28991525208
407	15.8	7.063232	1.4752320000000005	116.80818679131401	1303.4	22073.45618679132	155909.94208914245
408	19.1	8.538464000000001	1.4752319999999997	170.69698214764972	1303.4	22127.344982147646	188933.53854564833
409	22.4	10.013696	1.3187679999999995	234.77678178340696	1303.4	20000.9287817834	200283.2205384293
410	25.0	11.176	0.7152640000000003	292.4415828576	1303.4	11609.537582857605	129748.1920260166
411	25.6	11.444224	0.5587999999999997	306.6472251864908	1303.4	9433.247225186487	107956.1942924126
412	27.5	12.2936	0.7599679999999998	353.85431525769593	1303.4	12296.806315257692	151172.01811725195
413	29.0	12.96416	0.5587999999999997	393.5093938931865	1303.4	9520.109393893183	123420.22139993423
414	30.0	13.4112	0.2458720000000003	421.1158793149439	1303.4	5166.723879314948	69291.96729026863
415	30.1	13.455904	0.0	423.92799757570265	1303.4	1727.3279975757027	23242.75971189089
416	30.0	13.4112	-0.0894080000000006	421.1158793149439	1303.4	472.80387931493556	6340.867386268464
417	29.7	13.277088	-0.15646399999999971	412.7356733165765	1303.4	-474.3603266834193	0.0
418	29.3	13.098272	-0.20116799999999913	401.69307914787356	1303.4	-1111.258920852114	0.0
419	28.8	12.874752	-0.2905759999999997	388.1003943766524	1303.4	-2376.563605623344	0.0
420	28.0	12.51712	-0.8493760000000004	366.8387215365734	1303.4	-10221.025278463432	0.0
421	25.0	11.176	-1.408176	292.4415828576	1303.4	-18118.6224171424	0.0
422	21.7	9.700768	-1.475232	220.33250712290442	1303.4	-19129.515492877093	0.0
423	18.4	8.225536	-1.475232	158.4144356676305	1303.4	-19191.43356433237	0.0
424	15.1	6.750304	-1.4752319999999997	106.68736849177819	1303.4	-19243.160631508217	0.0
425	11.8	5.275072000000001	-1.4752319999999999	65.15130559534757	1303.4	-19284.69669440465	0.0
426	8.5	3.79984	-1.4752320000000003	33.80624697833856	1303.4	-19316.041753021662	0.0
427	5.2	2.324608	-1.475232	12.652192640751206	1303.4	-19337.195807359247	0.0
428	1.9	0.8493759999999999	-1.162304	1.689142582585497	1303.4	-14967.166857417415	0.0
429	0.0	0.0	-0.42468799999999995	0.0	1303.4	-4642.232	0.0
430	0.0	0.0	0.0	0.0	1303.4	1303.4	0.0
431	0.0	0.0	0.0	0.0	1303.4	1303.4	0.0
432	0.0	0.0	0.0	0.0	1303.4	1303.4	0.0
433	0.0	0.0	0.0	0.0	1303.4	1303.4	0.0
434	0.0	0.0	0.0	0.0	1303.4	1303.4	0.0
435	0.0	0.0	0.0	0.0	1303.4	1303.4	0.0
436	0.0	0.0	0.0	0.0	1303.4	1303.4	0.0
437	0.0	0.0	0.0	0.0	1303.4	1303.4	0.0
438	0.0	0.0	0.0	0.0	1303.4	1303.4	0.0
439	0.0	0.0	0.0	0.0	1303.4	1303.4	0.0
440	0.0	0.0	0.0	0.0	1303.4	1303.4	0.0
441	0.0	0.0	0.0	0.0	1303.4	1303.4	0.0
442	0.0	0.0	0.0	0.0	1303.4	1303.4	0.0
443	0.0	0.0	0.0	0.0	1303.4	1303.4	0.0
444	0.0	0.0	0.0	0.0	1303.4	1303.4	0.0
445	0.0	0.0	0.0	0.0	1303.4	1303.4	0.0
446	0.0	0.0	0.0	0.0	1303.4	1303.4	0.0
447	0.0	0.0	0.7376159999999999	0.0	1303.4	11630.024	0.0
448	3.3	1.4752319999999999	1.4752319999999999	5.095502139710821	1303.4	21961.74350213971	32398.666790148567
449	6.6	2.9504639999999998	1.475232	20.382008558843285	1303.4	21977.030008558846	64842.435867172564
450	9.9	4.425696	1.4752319999999999	45.85951925739741	1303.4	22002.507519257397	97376.4095179474
451	13.2	5.9009279999999995	1.4752319999999997	81.52803423537314	1303.4	22038.17603423537	130045.69002934844
452	16.5	7.37616	1.4752320000000005	127.38755349277054	1303.4	22084.03555349278	162895.3796882513
453	19.8	8.851392	1.4752320000000005	183.43807702958964	1303.4	22140.0860770296	195970.58078153117
454	23.1	10.326624	1.4752319999999992	249.6796048458303	1303.4	22206.32760484582	229316.39559606338
455	26.4	11.801855999999999	1.0505439999999995	326.11213694149257	1303.4	16337.128136941485	192808.43372573168
456	27.8	12.427712	0.6035040000000009	361.6168846330681	1303.4	10114.07288463308	125694.78495722915
457	29.1	13.008864	0.8270239999999998	396.22793084743086	1303.4	13277.963930847429	172731.2269732996
458	31.5	14.08176	0.8717279999999992	464.28025694472564	1303.4	13971.872256944713	196748.55187295377
459	33.0	14.75232	0.4693920000000009	509.55021397108214	1303.4	8384.438213971096	123689.91555273008
460	33.6	15.020544000000001	0.402336	528.2477590126658	1303.4	7464.351759012667	112118.62402772716
461	34.8	15.556992	0.33528	566.6535272061885	1303.4	6563.973527206188	102115.68365095844
462	35.1	15.691104000000001	0.1788160000000003	576.4655271942269	1303.4	4383.289527194232	68778.65183331553
463	35.6	15.914624	0.22351999999999972	593.0060231206527	1303.4	5025.686023120648	79981.90340002043
464	36.1	16.138144	0.0894080000000006	609.7804723133647	1303.4	3164.892472313373	51075.49046270923
465	36.0	16.09344	0.0	606.4068662135194	1303.4	1909.8068662135195	30735.362212995304
466	36.1	16.138144	0.04470399999999941	609.7804723133647	1303.4	2539.0364723133566	40975.33621144496
467	36.2	16.182848	-0.022351999999999705	613.1634365438613	1303.4	1603.6354365438656	25951.388517003023
468	36.0	16.09344	-0.11175999999999942	606.4068662135194	1303.4	345.16686621352756	5554.922251395434
469	35.7	15.959328000000001	0.0	596.3421966978922	1303.4	1899.7421966978923	30318.60883254218
470	36.0	16.09344	0.067056	606.4068662135194	1303.4	2848.59086621352	45843.626189955314
471	36.0	16.09344	-0.0894080000000006	606.4068662135194	1303.4	658.0948662135111	10591.010243715169
472	35.6	15.914624	-0.1117600000000003	593.0060231206527	1303.4	331.7660231206486	5279.931513940429
473	35.5	15.86992	-0.0447040000000003	589.6792076740646	1303.4	1267.2232076740606	20110.73092793073
474	35.4	15.825216	-0.067056	586.361750358128	1303.4	950.977750358128	15049.428310611453
475	35.2	15.735808	-0.04470399999999941	579.7549101182092	1303.4	1257.2989101182175	19784.61424822953
476	35.2	15.735808	0.0	579.7549101182092	1303.4	1883.1549101182093	29632.964099877398
477	35.2	15.735808	0.0	579.7549101182092	1303.4	1883.1549101182093	29632.964099877398
478	35.2	15.735808	0.0	579.7549101182092	1303.4	1883.1549101182093	29632.964099877398
479	35.2	15.735808	0.0	579.7549101182092	1303.4	1883.1549101182093	29632.964099877398
480	35.2	15.735808	-0.0447040000000003	579.7549101182092	1303.4	1257.2989101182052	19784.614248229336
481	35.0	15.6464	-0.022351999999999705	573.185502400896	1303.4	1563.6575024009003	24465.610745565446
482	35.1	15.691104000000001	0.0447040000000003	576.4655271942269	1303.4	2505.7215271942314	39317.53707824351
483	35.2	15.735808	0.08940799999999971	579.7549101182092	1303.4	3134.866910118205	49329.66380317333
484	35.5	15.86992	0.0	589.6792076740646	1303.4	1893.0792076740647	30043.015579450795
485	35.2	15.735808	-0.1117600000000003	579.7549101182092	1303.4	318.5149101182051	5012.0894707573325
486	35.0	15.6464	-0.0447040000000003	573.185502400896	1303.4	1250.7295024008918	19569.414086365312
487	35.0	15.6464	0.0	573.185502400896	1303.4	1876.585502400896	29361.80740476538
488	35.0	15.6464	-0.0447040000000003	573.185502400896	1303.4	1250.7295024008918	19569.414086365312
489	34.8	15.556992	-0.08940799999999971	566.6535272061885	1303.4	618.3415272061927	9619.534192014522
490	34.6	15.467584	-0.067056	560.158984534087	1303.4	924.774984534087	14304.034754379692
491	34.5	15.42288	-0.2458720000000003	556.9257503940133	1303.4	-1581.8822496059906	0.0
492	33.5	14.97584	-0.5587999999999997	525.1081061791065	1303.4	-5994.691893820889	0.0
493	32.0	14.30528	-0.7599679999999998	479.1362893538918	1303.4	-8857.015710646105	0.0
494	30.1	13.455904	-0.8940799999999998	423.92799757570265	1303.4	-10789.792002424294	0.0
495	28.0	12.51712	-1.0281920000000007	366.8387215365734	1303.4	-12724.449278463437	0.0
496	25.5	11.399519999999999	-1.2293599999999998	304.25622280504695	1303.4	-15603.38377719495	0.0
497	22.5	10.0584	-1.2740639999999992	236.877682114656	1303.4	-16296.618317885333	0.0
498	19.8	8.851392	-1.3411200000000005	183.43807702958964	1303.4	-17288.841922970416	0.0
499	16.5	7.37616	-1.4752320000000005	127.38755349277054	1303.4	-19222.460446507233	0.0
500	13.2	5.9009279999999995	-1.3858239999999995	81.52803423537314	1303.4	-18016.60796576462	0.0
501	10.3	4.604512000000001	-1.3411199999999996	49.640204040580464	1303.4	-17422.639795959414	0.0
502	7.2	3.218688	-1.4081760000000003	24.256274648540774	1303.4	-18386.80772535146	0.0
503	4.0	1.78816	-1.3858240000000002	7.4865045211545596	1303.4	-18090.649495478847	0.0
504	1.0	0.44704	-0.89408	0.46790653257215997	1303.4	-11213.252093467427	0.0
505	0.0	0.0	-0.22352	0.0	1303.4	-1825.8799999999997	0.0
506	0.0	0.0	0.0	0.0	1303.4	1303.4	0.0
507	0.0	0.0	0.0	0.0	1303.4	1303.4	0.0
508	0.0	0.0	0.0	0.0	1303.4	1303.4	0.0
509	0.0	0.0	0.0	0.0	1303.4	1303.4	0.0
510	0.0	0.0	0.26822399999999996	0.0	1303.4	5058.536	0.0
511	1.2	0.5364479999999999	0.78232	0.6737854069039102	1303.4	12256.553785406903	6575.003765073961
512	3.5	1.56464	0.961136	5.73185502400896	1303.4	14765.035855024009	23101.965700204764
513	5.5	2.45872	0.6705599999999999	14.154172610307839	1303.4	10705.394172610306	26321.56676008041
514	6.5	2.90576	0.67056	19.769051001173754	1303.4	10711.009051001174	31123.62166003717
515	8.5	3.79984	0.6929119999999998	33.80624697833856	1303.4	11037.974246978334	41942.53606263815
516	9.6	4.291583999999999	0.4470400000000001	43.12226604185025	1303.4	7605.082266041851	32637.849371628945
517	10.5	4.69392	0.5140960000000003	51.58669521608065	1303.4	8552.330695216086	40143.956096888694
518	11.9	5.319776	0.7823199999999999	66.26024407754358	1303.4	12322.140244077544	65551.02593907787
519	14.0	6.25856	0.9164319999999999	91.70968038414335	1303.4	14225.157680384142	89029.00285214497
520	16.0	7.15264	0.8270239999999998	119.78407233847295	1303.4	13001.52007233847	92995.19253021103
521	17.7	7.912608	0.67056	146.590437589532	1303.4	10837.830437589531	85755.50382311443
522	19.0	8.49376	0.5364480000000005	168.91425825854975	1303.4	8982.586258258556	76295.93185694619
523	20.1	8.985504	0.4470400000000003	189.03891822447838	1303.4	7750.998918224483	69646.63178370177
524	21.0	9.38784	0.42468799999999973	206.3467808643226	1303.4	7455.378780864319	69989.9031341493
525	22.0	9.83488	0.44703999999999944	226.46676176492542	1303.4	7788.426761764918	76598.24259074657
526	23.0	10.28192	0.402336	247.5225557306726	1303.4	7183.626555730672	73861.47355589831
527	23.8	10.639552	0.33528	265.0409763101743	1303.4	6262.360976310174	66628.71525022287
528	24.5	10.95248	0.24587199999999942	280.860896176439	1303.4	5026.468896176431	55052.30005599444
529	24.9	11.131295999999999	0.1117600000000003	290.1067292600648	1303.4	3158.146729260069	35154.26605482569
530	25.0	11.176	0.022352000000000594	292.4415828576	1303.4	1908.7695828576084	21332.40885801663
531	25.0	11.176	0.0	292.4415828576	1303.4	1595.8415828576	17835.12553001654
532	25.0	11.176	0.0	292.4415828576	1303.4	1595.8415828576	17835.12553001654
533	25.0	11.176	0.0	292.4415828576	1303.4	1595.8415828576	17835.12553001654
534	25.0	11.176	0.0	292.4415828576	1303.4	1595.8415828576	17835.12553001654
535	25.0	11.176	0.134112	292.4415828576	1303.4	3473.4095828576005	38818.825498016544
536	25.6	11.444224	0.1788160000000003	306.6472251864908	1303.4	4113.471225186495	47075.48611858869
537	25.8	11.533632	0.08940799999999971	311.4573043413326	1303.4	2866.5693043413285	33061.95545876888
538	26.0	11.62304	-0.0447040000000003	316.30481601878006	1303.4	993.848816018776	11551.544542538873
539	25.6	11.444224	-0.1788160000000003	306.6472251864908	1303.4	-893.3767748135137	0.0
540	25.2	11.265407999999999	-0.134112	297.1393644446244	1303.4	-277.0286355553758	0.0
541	25.0	11.176	-0.04470399999999941	292.4415828576	1303.4	969.9855828576083	10840.55887401663
542	25.0	11.176	0.0	292.4415828576	1303.4	1595.8415828576	17835.12553001654
543	25.0	11.176	-0.1341120000000009	292.4415828576	1303.4	-281.7264171424124	0.0
544	24.4	10.907775999999998	-0.42468799999999973	278.5728332321611	1303.4	-4363.659166767835	0.0
545	23.1	10.326624	-1.0281919999999989	249.6796048458303	1303.4	-12841.608395154153	0.0
546	19.8	8.851392	-1.4752320000000005	183.43807702958964	1303.4	-19166.409922970415	0.0
547	16.5	7.37616	-1.4752320000000005	127.38755349277054	1303.4	-19222.460446507233	0.0
548	13.2	5.9009279999999995	-1.4752319999999997	81.52803423537314	1303.4	-19268.319965764622	0.0
549	9.9	4.425696	-1.4752319999999999	45.85951925739741	1303.4	-19303.988480742602	0.0
550	6.6	2.9504639999999998	-1.475232	20.382008558843285	1303.4	-19329.465991441153	0.0
551	3.3	1.4752319999999999	-1.4752319999999999	5.095502139710821	1303.4	-19344.75249786029	0.0
552	0.0	0.0	-0.7376159999999999	0.0	1303.4	-9023.224	0.0
553	0.0	0.0	0.0	0.0	1303.4	1303.4	0.0
554	0.0	0.0	0.0	0.0	1303.4	1303.4	0.0
555	0.0	0.0	0.0	0.0	1303.4	1303.4	0.0
556	0.0	0.0	0.0	0.0	1303.4	1303.4	0.0
557	0.0	0.0	0.0	0.0	1303.4	1303.4	0.0
558	0.0	0.0	0.0	0.0	1303.4	1303.4	0.0
559	0.0	0.0	0.0	0.0	1303.4	1303.4	0.0
560	0.0	0.0	0.0	0.0	1303.4	1303.4	0.0
561	0.0	0.0	0.0	0.0	1303.4	1303.4	0.0
562	0.0	0.0	0.0	0.0	1303.4	1303.4	0.0
563	0.0	0.0	0.0	0.0	1303.4	1303.4	0.0
564	0.0	0.0	0.0	0.0	1303.4	1303.4	0.0
565	0.0	0.0	0.0	0.0	1303.4	1303.4	0.0
566	0.0	0.0	0.0	0.0	1303.4	1303.4	0.0
567	0.0	0.0	0.0	0.0	1303.4	1303.4	0.0
568	0.0	0.0	0.7376159999999999	0.0	1303.4	11630.024	0.0
569	3.3	1.4752319999999999	1.4752319999999999	5.095502139710821	1303.4	21961.74350213971	32398.666790148567
570	6.6	2.9504639999999998	1.475232	20.382008558843285	1303.4	21977.030008558846	64842.435867172564
571	9.9	4.425696	1.430528	45.85951925739741	1303.4	21376.651519257397	94606.56112217139
572	13.0	5.81152	1.050544	79.07620400469501	1303.4	16090.092204004693	93507.89264541735
573	14.6	6.526784	0.67056	99.73895648308162	1303.4	10790.97895648308	70430.38879751047
574	16.0	7.15264	0.536448	119.78407233847295	1303.4	8933.456072338475	63897.795241251064
575	17.0	7.59968	0.22352000000000016	135.22498791335423	1303.4	4567.904987913356	34714.61617854537
576	17.0	7.59968	0.0	135.22498791335423	1303.4	1438.6249879133543	10933.08954814536
577	17.0	7.59968	0.11175999999999986	135.22498791335423	1303.4	3003.2649879133523	22823.852863345346
578	17.5	7.8232	0.15646399999999971	143.296375600224	1303.4	3637.19237560022	28454.483392795642
579	17.7	7.912608	0.044703999999999855	146.590437589532	1303.4	2075.84643758953	16425.359128842414
580	17.7	7.912608	-0.044703999999999855	146.590437589532	1303.4	824.1344375895342	6521.052743946449
581	17.5	7.8232	-0.15646399999999971	143.296375600224	1303.4	-743.7996243997718	0.0
582	17.0	7.59968	-0.13411200000000045	135.22498791335423	1303.4	-438.94301208665206	0.0
583	16.9	7.554975999999999	-0.08940799999999971	133.63878476793457	1303.4	185.32678476793876	1400.1394110789427
584	16.6	7.420864000000001	0.022352000000000594	128.93632411558443	1303.4	1745.264324115593	12951.369193313736
585	17.0	7.59968	0.11175999999999986	135.22498791335423	1303.4	3003.2649879133523	22823.852863345346
586	17.1	7.6443840000000005	0.0	136.82054918942532	1303.4	1440.2205491894254	11009.598922694857
587	17.0	7.59968	-0.11175999999999986	135.22498791335423	1303.4	-126.01501208664376	0.0
588	16.6	7.420864000000001	-0.1117600000000003	128.93632411558443	1303.4	-132.3036758844196	0.0
589	16.5	7.37616	-0.022352000000000594	127.38755349277054	1303.4	1117.8595534927624	8245.510924091173
590	16.5	7.37616	0.022352000000000594	127.38755349277054	1303.4	1743.7155534927788	12861.924917051294
591	16.6	7.420864000000001	0.1117600000000003	128.93632411558443	1303.4	2996.976324115589	22240.153712481708
592	17.0	7.59968	0.22351999999999972	135.22498791335423	1303.4	4567.904987913351	34714.61617854534
593	17.6	7.867904	0.3352799999999996	144.9387275295523	1303.4	6142.258727529546	48326.70201136463
594	18.5	8.27024	0.3576319999999993	160.14101077282174	1303.4	6470.389010772811	53511.67001245373
595	19.2	8.583167999999999	0.3799840000000003	172.489064167401	1303.4	6795.665064167406	58328.33491747962
596	20.2	9.030208	0.4023360000000009	190.92458155074414	1303.4	7127.028581550756	64358.55051334829
597	21.0	9.38784	0.201168	206.3467808643226	1303.4	4326.098780864323	40612.72317894933
598	21.1	9.432544	0.04470399999999941	208.31666736645133	1303.4	2137.572667366443	20162.74823813134
599	21.2	9.477248	0.1117600000000003	210.29591199923155	1303.4	3078.3359119992356	29174.15286532293
600	21.6	9.656064	0.1788160000000003	218.306471836867	1303.4	4025.1304718368715	38866.91744440703
601	22.0	9.83488	0.17881599999999942	226.46676176492542	1303.4	4033.2907617649175	39666.930647066554
602	22.4	10.013696	0.1117600000000003	234.77678178340696	1303.4	3102.816781783411	31070.663996477415
603	22.5	10.0584	0.022352000000000594	236.877682114656	1303.4	1853.2056821146643	18640.28403298214
604	22.5	10.0584	0.0	236.877682114656	1303.4	1540.277682114656	15492.729037782057
605	22.5	10.0584	0.04470399999999941	236.877682114656	1303.4	2166.133682114648	21787.839028181974
606	22.7	10.147808	0.26822399999999913	241.10755716910828	1303.4	5299.643557169096	53779.76528658901
607	23.7	10.594847999999999	0.5364480000000009	262.81842028045645	1303.4	9076.49042028047	96164.03637632768
608	25.1	11.220704000000001	0.5140960000000003	294.78579458578656	1303.4	8795.529794585791	98692.03634822798
609	26.0	11.62304	0.31292799999999943	316.30481601878006	1303.4	6000.696816018772	69746.33912045883
610	26.5	11.84656	0.22351999999999972	328.58736249879934	1303.4	4761.267362498796	56404.63948588373
611	27.0	12.070079999999999	-0.08940799999999971	341.10386224510455	1303.4	392.79186224510875	4741.029200647442
612	26.1	11.667744	-0.9387839999999992	318.74260905348115	1303.4	-11520.833390946507	0.0
613	22.8	10.192512	-1.475232	243.2365318923117	1303.4	-19106.611468107687	0.0
614	19.5	8.71728	-1.4752320000000005	177.92145901056386	1303.4	-19171.926540989443	0.0
615	16.2	7.242048	-1.475232	122.79739040823765	1303.4	-19227.05060959176	0.0
616	12.9	5.766816	-1.475232	77.86432608533315	1303.4	-19271.983673914667	0.0
617	9.6	4.291583999999999	-1.4752320000000003	43.12226604185025	1303.4	-19306.725733958152	0.0
618	6.3	2.8163519999999997	-1.4752319999999997	18.571210277789024	1303.4	-19331.276789722204	0.0
619	3.0	1.34112	-1.4081759999999999	4.2111587931494405	1303.4	-18406.852841206848	0.0
620	0.0	0.0	-0.67056	0.0	1303.4	-8084.4400000000005	0.0
621	0.0	0.0	0.0	0.0	1303.4	1303.4	0.0
622	0.0	0.0	0.0	0.0	1303.4	1303.4	0.0
623	0.0	0.0	0.0	0.0	1303.4	1303.4	0.0
624	0.0	0.0	0.0	0.0	1303.4	1303.4	0.0
625	0.0	0.0	0.0	0.0	1303.4	1303.4	0.0
626	0.0	0.0	0.0	0.0	1303.4	1303.4	0.0
627	0.0	0.0	0.0	0.0	1303.4	1303.4	0.0
628	0.0	0.0	0.0	0.0	1303.4	1303.4	0.0
629	0.0	0.0	0.0	0.0	1303.4	1303.4	0.0
630	0.0	0.0	0.0	0.0	1303.4	1303.4	0.0
631	0.0	0.0	0.0	0.0	1303.4	1303.4	0.0
632	0.0	0.0	0.0	0.0	1303.4	1303.4	0.0
633	0.0	0.0	0.0	0.0	1303.4	1303.4	0.0
634	0.0	0.0	0.0	0.0	1303.4	1303.4	0.0
635	0.0	0.0	0.0	0.0	1303.4	1303.4	0.0
636	0.0	0.0	0.0	0.0	1303.4	1303.4	0.0
637	0.0	0.0	0.0	0.0	1303.4	1303.4	0.0
638	0.0	0.0	0.0	0.0	1303.4	1303.4	0.0
639	0.0	0.0	0.0	0.0	1303.4	1303.4	0.0
640	0.0	0.0	0.0	0.0	1303.4	1303.4	0.0
641	0.0	0.0	0.0	0.0	1303.4	1303.4	0.0
642	0.0	0.0	0.0	0.0	1303.4	1303.4	0.0
643	0.0	0.0	0.0	0.0	1303.4	1303.4	0.0
644	0.0	0.0	0.0	0.0	1303.4	1303.4	0.0
645	0.0	0.0	0.44704	0.0	1303.4	7561.959999999999	0.0
646	2.0	0.89408	1.00584	1.8716261302886399	1303.4	15387.031626130289	13757.237236290568
647	4.5	2.01168	1.2964159999999998	9.47510728458624	1303.4	19462.699107284585	39152.722540142255
648	7.8	3.486912	1.2740639999999996	28.467433441690208	1303.4	19168.763433441683	66839.791241229
649	10.2	4.559807999999999	1.0505440000000001	48.68099564880751	1303.4	16059.696995648808	73229.13483833539
650	12.5	5.588	0.8493760000000004	73.1103957144	1303.4	13267.774395714405	74140.3233232521
651	14.0	6.25856	0.6258560000000002	91.70968038414335	1303.4	10157.093680384145	63568.780224304995
652	15.3	6.8397120000000005	0.7823199999999999	109.53224020981695	1303.4	12365.412240209816	84575.85848430997
653	17.5	7.8232	0.9611359999999998	143.296375600224	1303.4	14902.600375600221	116586.02325839565
654	19.6	8.761984	0.7823200000000003	179.75097355292098	1303.4	12435.630973552925	108960.79962017515
655	21.0	9.38784	0.5811519999999994	206.3467808643226	1303.4	9645.874780864315	90553.92910278926
656	22.2	9.924287999999999	0.5140959999999994	230.60305551286328	1303.4	8731.347055512855	86652.40280686156
657	23.3	10.416032	0.5140960000000003	254.0217774680999	1303.4	8754.765777468105	91189.92049061265
658	24.5	10.95248	0.4470400000000003	280.860896176439	1303.4	7842.820896176445	85898.33900895459
659	25.3	11.310112	0.2458720000000003	299.5022924341139	1303.4	5045.110292434118	57060.76245978262
660	25.6	11.444224	0.15646399999999971	306.6472251864908	1303.4	3800.543225186487	43494.267990716595
661	26.0	11.62304	0.1117600000000003	316.30481601878006	1303.4	3184.3448160187845	37011.767170378975
662	26.1	11.667744	0.0447040000000003	318.74260905348115	1303.4	2247.9986090534853	26229.07228279215
663	26.2	11.712448	0.022351999999999705	321.1897602188335	1303.4	1937.5177602188296	22693.07601563951
664	26.2	11.712448	0.04470399999999941	321.1897602188335	1303.4	2250.4457602188254	26358.228943383463
665	26.4	11.801855999999999	0.067056	326.11213694149257	1303.4	2568.2961369414925	30310.66117353977
666	26.5	11.84656	0.022352000000000594	328.58736249879934	1303.4	1944.9153624988078	23040.556536763877
667	26.5	11.84656	-0.1117600000000003	328.58736249879934	1303.4	67.34736249879529	797.8345706837283
668	26.0	11.62304	-0.2235200000000006	316.30481601878006	1303.4	-1509.5751839812283	0.0
669	25.5	11.399519999999999	-0.5364479999999991	304.25622280504695	1303.4	-5902.615777194942	0.0
670	23.6	10.550144000000001	-0.9164319999999995	260.60522238139026	1303.4	-11266.042777618604	0.0
671	21.4	9.566656	-1.139952000000001	214.28247565674639	1303.4	-14441.645524343268	0.0
672	18.5	8.27024	-1.1176000000000004	160.14101077282174	1303.4	-14182.858989227183	0.0
673	16.4	7.331455999999999	-0.8940799999999998	125.84814100060812	1303.4	-11087.87185899939	0.0
674	14.5	6.48208	-1.0728959999999996	98.37734847329662	1303.4	-13618.766651526697	0.0
675	11.6	5.185664	-1.296416	62.961503022909845	1303.4	-16783.46249697709	0.0
676	8.7	3.889248	-1.296416	35.41584545038678	1303.4	-16811.00815454961	0.0
677	5.8	2.592832	-1.1623039999999998	15.740375755727461	1303.4	-14953.11562424427	0.0
678	3.5	1.56464	-0.849376	5.73185502400896	1303.4	-10582.132144975993	0.0
679	2.0	0.89408	-0.78232	1.8716261302886399	1303.4	-9647.208373869711	0.0
680	0.0	0.0	-0.44704	0.0	1303.4	-4955.16	0.0
681	0.0	0.0	0.0	0.0	1303.4	1303.4	0.0
682	0.0	0.0	0.0	0.0	1303.4	1303.4	0.0
683	0.0	0.0	0.0	0.0	1303.4	1303.4	0.0
684	0.0	0.0	0.0	0.0	1303.4	1303.4	0.0
685	0.0	0.0	0.0	0.0	1303.4	1303.4	0.0
686	0.0	0.0	0.0	0.0	1303.4	1303.4	0.0
687	0.0	0.0	0.0	0.0	1303.4	1303.4	0.0
688	0.0	0.0	0.0	0.0	1303.4	1303.4	0.0
689	0.0	0.0	0.0	0.0	1303.4	1303.4	0.0
690	0.0	0.0	0.0	0.0	1303.4	1303.4	0.0
691	0.0	0.0	0.0	0.0	1303.4	1303.4	0.0
692	0.0	0.0	0.0	0.0	1303.4	1303.4	0.0
693	0.0	0.0	0.312928	0.0	1303.4	5684.392	0.0
694	1.4	0.625856	0.7376159999999999	0.9170968038414334	1303.4	11630.941096803841	7279.294271081264
695	3.3	1.4752319999999999	0.67056	5.095502139710821	1303.4	10696.335502139711	15779.57641549257
696	4.4	1.966976	0.715264	9.058670470597018	1303.4	11326.154670470596	22278.27440910357
697	6.5	2.90576	1.072896	19.769051001173754	1303.4	16343.713051001176	47490.90763507717
698	9.2	4.112768	1.072896	39.603608916907625	1303.4	16363.54760891691	67299.47497242998
699	11.3	5.051552	0.9611359999999998	59.74698514413911	1303.4	14819.050985144135	74859.20664210683
700	13.5	6.0350399999999995	0.737616	85.27596556127614	1303.4	11715.299965561275	70702.30390416092
701	14.6	6.526784	0.6482079999999999	99.73895648308162	1303.4	10478.050956483079	68387.97533395846
702	16.4	7.331455999999999	0.4693919999999996	125.84814100060812	1303.4	8000.7361410006015	58657.0449853557
703	16.7	7.465567999999999	0.02235200000000015	130.49445286904967	1303.4	1746.8224528690519	13041.021805820701
704	16.5	7.37616	-0.044703999999999855	127.38755349277054	1303.4	804.9315534927727	5937.3039276112495
705	16.5	7.37616	0.3799839999999999	127.38755349277054	1303.4	6750.563553492768	49793.23686073121
706	18.2	8.136128	0.6035039999999996	154.98935984920226	1303.4	9907.445359849196	80608.24360073912
707	19.2	8.583167999999999	0.4246880000000006	172.489064167401	1303.4	7421.521064167409	63700.162109287645
708	20.1	8.985504	0.5140960000000003	189.03891822447838	1303.4	8689.782918224482	78082.07917083777
709	21.5	9.61136	0.536448	216.2897946814809	1303.4	9029.961794681481	86790.2135949298
710	22.5	10.0584	0.2235200000000006	236.877682114656	1303.4	4669.557682114664	46968.27898978214
711	22.5	10.0584	-0.08940799999999971	236.877682114656	1303.4	288.56568211466015	2902.5090569820977
712	22.1	9.879584000000001	0.04470399999999941	228.5302295735687	1303.4	2157.7862295735604	21318.03030911528
713	22.7	10.147808	0.26822399999999913	241.10755716910828	1303.4	5299.643557169096	53779.76528658901
714	23.3	10.416032	0.1788160000000003	254.0217774680999	1303.4	4060.8457774681046	42297.89956517266
715	23.5	10.50544	-0.17881599999999942	258.40138261297534	1303.4	-941.6226173870164	0.0
716	22.5	10.0584	-0.42468799999999973	236.877682114656	1303.4	-4405.35431788534	0.0
717	21.6	9.656064	-0.4470400000000003	218.306471836867	1303.4	-4736.8535281631375	0.0
718	20.5	9.16432	-0.804672	196.63772031345022	1303.4	-9765.370279686551	0.0
719	18.0	8.04672	-1.2293600000000002	151.60171655337984	1303.4	-15756.038283446624	0.0
720	15.0	6.7056	-1.34112	105.27896982873598	1303.4	-17367.001030171265	0.0
721	12.0	5.36448	-1.3411199999999996	67.37854069039105	1303.4	-17404.901459309604	0.0
722	9.0	4.02336	-1.2964160000000002	37.90042913834496	1303.4	-16808.523570861656	0.0
723	6.2	2.771648	-1.00584	17.986327112073827	1303.4	-12760.373672887927	0.0
724	4.5	2.01168	-0.7152639999999999	9.47510728458624	1303.4	-8700.820892715412	0.0
725	3.0	1.34112	-0.536448	4.2111587931494405	1303.4	-6202.660841206851	0.0
726	2.1	0.9387840000000001	-0.5588000000000001	2.063467808643226	1303.4	-6517.736532191357	0.0
727	0.5	0.22352	-0.35763200000000006	0.11697663314303999	1303.4	-3703.3310233668576	0.0
728	0.5	0.22352	0.603504	0.11697663314303999	1303.4	9752.572976633142	2179.8951117370398
729	3.2	1.430528	1.3411199999999999	4.791362893538919	1303.4	20083.871362893537	28730.540333017365
730	6.5	2.90576	1.4305279999999998	19.769051001173754	1303.4	21350.561051001172	62039.60627955716
731	9.6	4.291583999999999	1.34112	43.12226604185025	1303.4	20122.20226604185	86356.12128970894
732	12.5	5.588	0.9834880000000004	73.1103957144	1303.4	15145.342395714406	84632.1733072521
733	14.0	6.25856	0.7823199999999999	91.70968038414335	1303.4	12347.589680384142	77278.13087006498
734	16.0	7.15264	0.8940800000000002	119.78407233847295	1303.4	13940.304072338475	99709.97651997107
735	18.0	8.04672	0.804672	151.60171655337984	1303.4	12720.40971655338	102357.57527438442
736	19.6	8.761984	0.7823199999999995	179.75097355292098	1303.4	12435.630973552912	108960.79962017504
737	21.5	9.61136	0.7823200000000003	216.2897946814809	1303.4	12472.169794681486	119874.51387780983
738	23.1	10.326624	0.67056	249.6796048458303	1303.4	10940.91960484583	112982.76297347147
739	24.5	10.95248	0.5364479999999991	280.860896176439	1303.4	9094.532896176428	99607.6896547144
740	25.5	11.399519999999999	0.4470400000000003	304.25622280504695	1303.4	7866.216222805051	89671.08915619063
741	26.5	11.84656	0.3576320000000006	328.58736249879934	1303.4	6638.8353624988085	78647.36145196388
742	27.1	12.114784	0.2458720000000003	343.63523658632	1303.4	5089.243236586324	61655.08253470422
743	27.6	12.338304	0.17881599999999942	356.4324802521686	1303.4	4163.256480252161	51367.524083321165
744	27.9	12.472415999999999	0.15646399999999971	364.223124019495	1303.4	3858.119124019491	48120.06669232668
745	28.3	12.651232	0.1564640000000006	374.7416628717172	1303.4	3868.6376628717258	48943.03259692799
746	28.6	12.785344	0.067056	382.72882738272403	1303.4	2624.912827382724	33560.41346810075
747	28.6	12.785344	-0.067056	382.72882738272403	1303.4	747.344827382724	9555.060704708747
748	28.3	12.651232	-0.0894080000000006	374.7416628717172	1303.4	426.42966287170884	5394.860596671775
749	28.2	12.606527999999999	-0.067056	372.09799096268443	1303.4	736.7139909626844	9287.405555062827
750	28.0	12.51712	-0.15646399999999971	366.8387215365734	1303.4	-520.2572784634226	0.0
751	27.5	12.2936	-0.268224	353.85431525769593	1303.4	-2097.8816847423045	0.0
752	26.8	11.980672	-0.4470400000000003	336.0691879546282	1303.4	-4619.090812045377	0.0
753	25.5	11.399519999999999	-0.737616	304.25622280504695	1303.4	-8718.967777194954	0.0
754	23.5	10.50544	-0.8940799999999998	258.40138261297534	1303.4	-10955.318617387022	0.0
755	21.5	9.61136	-1.00584	216.2897946814809	1303.4	-12562.07020531852	0.0
756	19.0	8.49376	-1.1176	168.91425825854975	1303.4	-14174.08574174145	0.0
757	16.5	7.37616	-0.9164319999999999	127.38755349277054	1303.4	-11399.260446507229	0.0
758	14.9	6.660896	-0.8940799999999998	103.87992929634522	1303.4	-11109.840070703653	0.0
759	12.5	5.588	-1.2293600000000002	73.1103957144	1303.4	-15834.529604285604	0.0
760	9.4	4.202176	-1.408176	41.344221218076044	1303.4	-18369.719778781924	0.0
761	6.2	2.771648	-1.4305279999999998	17.986327112073827	1303.4	-18706.00567288792	0.0
762	3.0	1.34112	-1.050544	4.2111587931494405	1303.4	-13400.00484120685	0.0
763	1.5	0.67056	-0.33528	1.0527896982873601	1303.4	-3389.4672103017124	0.0
764	1.5	0.67056	-0.22352000000000002	1.0527896982873601	1303.4	-1824.827210301713	0.0
765	0.5	0.22352	-0.33528	0.11697663314303999	1303.4	-3390.403023366857	0.0
766	0.0	0.0	0.5588000000000001	0.0	1303.4	9126.6	0.0
767	3.0	1.34112	1.4081759999999999	4.2111587931494405	1303.4	21022.07515879315	28193.125436960672
768	6.3	2.8163519999999997	1.4752319999999997	18.571210277789024	1303.4	21975.219210277788	61889.95257330426
769	9.6	4.291583999999999	1.4752320000000003	43.12226604185025	1303.4	21999.770266041854	94413.86207742096
770	12.9	5.766816	1.3858240000000004	77.86432608533315	1303.4	20782.800326085337	119850.58544527415
771	15.8	7.063232	1.0281919999999998	116.80818679131401	1303.4	15814.89618679131	111704.28082322236
772	17.5	7.8232	0.5811519999999999	143.296375600224	1303.4	9582.824375600223	74968.35165519567
773	18.4	8.225536	0.4470400000000003	158.4144356676305	1303.4	7720.374435667636	63504.21785406383
774	19.5	8.71728	0.5140959999999994	177.92145901056386	1303.4	8678.665459010555	75654.35683252354
775	20.7	9.253727999999999	0.5587999999999997	200.49327014184476	1303.4	9327.09327014184	86310.3841525231
776	22.0	9.83488	0.5588000000000006	226.46676176492542	1303.4	9353.066761764934	91986.28923394672
777	23.2	10.371328	0.67056	251.84601209163938	1303.4	10943.086012091639	113494.33436361435
778	25.0	11.176	0.737616	292.4415828576	1303.4	11922.4655828576	133245.47535401653
779	26.5	11.84656	0.5587999999999997	328.58736249879934	1303.4	9455.187362498795	112011.44440108372
780	27.5	12.2936	0.33528	353.85431525769593	1303.4	6351.174315257696	78078.79656205201
781	28.0	12.51712	0.1788160000000003	366.8387215365734	1303.4	4173.662721536578	52242.237124999934
782	28.3	12.651232	0.20116799999999913	374.7416628717172	1303.4	4494.493662871705	56860.88205151973
783	28.9	12.919455999999998	0.13411199999999912	390.8002150695936	1303.4	3571.7682150695814	46145.30229678999
784	28.9	12.919455999999998	0.0	390.8002150695936	1303.4	1694.2002150695937	21888.14513378215
785	28.9	12.919455999999998	-0.022351999999998817	390.8002150695936	1303.4	1381.2722150696102	17845.285606614365
786	28.8	12.874752	-0.08940799999999971	388.1003943766524	1303.4	439.7883943766566	5662.166510077648
787	28.5	12.740639999999999	-0.1117600000000003	380.0570810817369	1303.4	118.8170810817328	1513.805655913168
788	28.3	12.651232	-0.04470399999999941	374.7416628717172	1303.4	1052.2856628717254	13312.710051263984
789	28.3	12.651232	0.0	374.7416628717172	1303.4	1678.1416628717172	21230.559505855883
790	28.3	12.651232	-0.022352000000000594	374.7416628717172	1303.4	1365.213662871709	17271.634778559775
791	28.2	12.606527999999999	-0.15646399999999971	372.09799096268443	1303.4	-514.9980090373115	0.0
792	27.6	12.338304	-0.15646399999999971	356.4324802521686	1303.4	-530.6635197478272	0.0
793	27.5	12.2936	-0.022352000000000594	353.85431525769593	1303.4	1344.3263152576878	16526.609989251912
794	27.5	12.2936	0.0	353.85431525769593	1303.4	1657.254315257696	20373.62165005201
795	27.5	12.2936	0.0	353.85431525769593	1303.4	1657.254315257696	20373.62165005201
796	27.5	12.2936	0.0	353.85431525769593	1303.4	1657.254315257696	20373.62165005201
797	27.5	12.2936	0.0	353.85431525769593	1303.4	1657.254315257696	20373.62165005201
798	27.5	12.2936	0.022352000000000594	353.85431525769593	1303.4	1970.1823152577044	24220.633310852114
799	27.6	12.338304	0.1117600000000003	356.4324802521686	1303.4	3224.4724802521728	39784.52170098531
800	28.0	12.51712	0.20116799999999913	366.8387215365734	1303.4	4486.5907215365605	56159.19445235971
801	28.5	12.740639999999999	0.44703999999999944	380.0570810817369	1303.4	7942.017081081729	101186.38050391311
802	30.0	13.4112	0.5588000000000006	421.1158793149439	1303.4	9547.715879314952	128046.32720066867
803	31.0	13.85824	0.4470400000000003	449.65817780184574	1303.4	8011.618177801851	111026.92749634072
804	32.0	14.30528	0.44703999999999944	479.1362893538918	1303.4	8041.096289353884	115030.13392616832
805	33.0	14.75232	0.22351999999999972	509.55021397108214	1303.4	4942.230213971078	72909.3616301698
806	33.0	14.75232	0.1341120000000009	509.55021397108214	1303.4	3690.5182139710946	54443.70565833006
807	33.6	15.020544000000001	0.2235200000000006	528.2477590126658	1303.4	4960.927759012675	74515.83368507128
808	34.0	15.19936	0.15646399999999883	540.8999516534169	1303.4	4034.7959516534006	61326.31619572263
809	34.3	15.333471999999999	0.0447040000000003	550.4873565058205	1303.4	2479.7433565058245	38023.07532416807
810	34.2	15.288768000000001	-0.06705599999999912	547.2821967577013	1303.4	911.8981967577138	13941.79996984704
811	34.0	15.19936	-0.0447040000000003	540.8999516534169	1303.4	1218.4439516534128	18519.568261002816
812	34.0	15.19936	-0.022352000000000594	540.8999516534169	1303.4	1531.3719516534088	23275.873587082755
813	33.9	15.154656	-0.08940799999999971	537.7228662972519	1303.4	589.4108662972561	8932.318921396909
814	33.6	15.020544000000001	-0.17881599999999942	528.2477590126658	1303.4	-671.7762409873258	0.0
815	33.1	14.797024	-0.1341120000000009	512.6430761513842	1303.4	-61.52492384862808	0.0
816	33.0	14.75232	-0.134112	509.55021397108214	1303.4	-64.61778602891809	0.0
817	32.5	14.5288	-0.22351999999999972	494.226275029344	1303.4	-1331.653724970652	0.0
818	32.0	14.30528	-0.1341120000000009	479.1362893538918	1303.4	-95.0317106461207	0.0
819	31.9	14.260575999999999	-0.08940799999999971	476.14636661075565	1303.4	527.8343666107598	7527.222100464603
820	31.6	14.126464	-0.08940799999999971	467.23274716525606	1303.4	518.9207471652603	7330.515253683152
821	31.5	14.08176	-0.22351999999999972	464.28025694472564	1303.4	-1361.5997430552702	0.0
822	30.6	13.679424000000001	-0.33528	438.1289608392678	1303.4	-2952.391039160732	0.0
823	30.0	13.4112	-0.1564640000000006	421.1158793149439	1303.4	-465.9801206850643	0.0
824	29.9	13.366496	-0.022351999999999705	418.31311918483675	1303.4	1408.7851191848408	18830.520660443697
825	29.9	13.366496	0.0	418.31311918483675	1303.4	1721.7131191848368	23013.271520731643
826	29.9	13.366496	0.0	418.31311918483675	1303.4	1721.7131191848368	23013.271520731643
827	29.9	13.366496	-0.067056	418.31311918483675	1303.4	782.9291191848367	10465.018939867643
828	29.6	13.232384	-0.08940799999999971	409.96098757842367	1303.4	461.64898757842786	6108.716676848988
829	29.5	13.18768	-0.022351999999999705	407.19565997092224	1303.4	1397.6676599709265	18431.99384604539
830	29.5	13.18768	-0.0447040000000003	407.19565997092224	1303.4	1084.7396599709182	14305.199519005278
831	29.3	13.098272	-0.1341120000000009	401.69307914787356	1303.4	-172.4749208521389	0.0
832	28.9	12.919455999999998	-0.2458720000000003	390.8002150695936	1303.4	-1748.0077849304103	0.0
833	28.2	12.606527999999999	-0.26822399999999913	372.09799096268443	1303.4	-2079.638009037303	0.0
834	27.7	12.383008	-0.268224	359.02000337729265	1303.4	-2092.7159966227077	0.0
835	27.0	12.070079999999999	-0.4917440000000006	341.10386224510455	1303.4	-5239.912137754904	0.0
836	25.5	11.399519999999999	-0.737616	304.25622280504695	1303.4	-8718.967777194954	0.0
837	23.7	10.594847999999999	-0.7823199999999995	262.81842028045645	1303.4	-9386.261579719536	0.0
838	22.0	9.83488	-0.7152639999999995	226.46676176492542	1303.4	-8483.829238235068	0.0
839	20.5	9.16432	-0.6258560000000006	196.63772031345022	1303.4	-7261.946279686559	0.0
840	19.2	8.583167999999999	-0.2905760000000006	172.489064167401	1303.4	-2592.1749358326074	0.0
841	19.2	8.583167999999999	0.2011680000000009	172.489064167401	1303.4	4292.241064167414	36841.02615024769
842	20.1	8.985504	0.3799840000000003	189.03891822447838	1303.4	6812.214918224483	61211.18439656577
843	20.9	9.343136	0.2905759999999997	204.3862524928452	1303.4	5575.850252492841	52095.927224674946
844	21.4	9.566656	0.2458720000000003	214.28247565674639	1303.4	4959.890475656751	47449.56597828451
845	22.0	9.83488	0.268224	226.46676176492542	1303.4	5285.002761764927	51977.367961626645
846	22.6	10.103104	0.268224	238.98794057655644	1303.4	5297.523940576557	53521.435314134775
847	23.2	10.371328	0.3129280000000003	251.84601209163938	1303.4	5936.238012091644	61566.671509470405
848	24.0	10.72896	0.402336	269.5141627615642	1303.4	7205.618162761564	77308.78904354232
849	25.0	11.176	0.44703999999999944	292.4415828576	1303.4	7854.401582857592	87780.79209001645
850	26.0	11.62304	0.35763199999999973	316.30481601878006	1303.4	6626.552816018777	77020.68844269888
851	26.6	11.891264	0.134112	331.0719461867575	1303.4	3512.039946186758	41762.59417865253
852	26.6	11.891264	0.0447040000000003	331.0719461867575	1303.4	2260.327946186762	26878.15633468458
853	26.8	11.980672	0.08940799999999971	336.0691879546282	1303.4	2891.181187954624	34638.2935054547
854	27.0	12.070079999999999	0.08940799999999971	341.10386224510455	1303.4	2896.2158622451007	34957.557154567345
855	27.2	12.159488	0.1788160000000003	346.1759690581868	1303.4	4152.999969058192	50498.35328776345
856	27.8	12.427712	0.201168	361.6168846330681	1303.4	4481.368884633068	55693.16186398099
857	28.1	12.561824	0.2235200000000006	369.46367718430326	1303.4	4802.143677184312	60323.68369550214
858	28.8	12.874752	0.17881599999999942	388.1003943766524	1303.4	4194.924394376644	54008.61123634949
859	28.9	12.919455999999998	0.04470399999999941	390.8002150695936	1303.4	2320.0562150695855	29973.864188118045
860	29.0	12.96416	0.04470400000000119	393.5093938931865	1303.4	2322.765393893203	30112.702208894505
861	29.1	13.008864	0.0	396.22793084743086	1303.4	1699.627930847431	22110.228602995634
862	29.0	12.96416	-0.2235200000000006	393.5093938931865	1303.4	-1432.370606106822	0.0
863	28.1	12.561824	-0.33528	369.46367718430326	1303.4	-3021.0563228156966	0.0
864	27.5	12.2936	-0.2458720000000003	353.85431525769593	1303.4	-1784.9536847423083	0.0
865	27.0	12.070079999999999	-0.37998399999999943	341.10386224510455	1303.4	-3675.2721377548874	0.0
866	25.8	11.533632	-0.44703999999999944	311.4573043413326	1303.4	-4643.70269565866	0.0
867	25.0	11.176	-0.2905760000000006	292.4415828576	1303.4	-2472.222417142408	0.0
868	24.5	10.95248	-0.0447040000000003	280.860896176439	1303.4	958.4048961764349	10496.91045727448
869	24.8	11.086592	0.1341120000000009	287.78123379318123	1303.4	3468.749233793194	38456.60750537775
870	25.1	11.220704000000001	0.15646399999999971	294.78579458578656	1303.4	3788.6817945857824	42511.67696723587
871	25.5	11.399519999999999	0.13411199999999912	304.25622280504695	1303.4	3485.224222805035	39729.88323235045
872	25.7	11.488928	0.1564640000000006	309.0475856985859	1303.4	3802.9435856985942	43691.74504415298
873	26.2	11.712448	0.268224	321.1897602188335	1303.4	5379.725760218835	63009.75822082357
874	26.9	12.025376	0.2905759999999997	338.58184603454066	1303.4	5710.045846034536	68665.4482758034
875	27.5	12.2936	0.201168	353.85431525769593	1303.4	4473.606315257696	54996.72659725201
876	27.8	12.427712	0.201168	361.6168846330681	1303.4	4481.368884633068	55693.16186398099
877	28.4	12.695936	0.268224	377.3946929114013	1303.4	5435.930692911401	69014.2281776388
878	29.0	12.96416	0.1788160000000003	393.5093938931865	1303.4	4200.333393893191	54453.79417177435
879	29.2	13.053568	0.022352000000000594	398.9558259323265	1303.4	2015.2838259323348	26306.644461107895
880	29.1	13.008864	-0.0447040000000003	396.22793084743086	1303.4	1073.7719308474268	13968.55301541158
881	29.0	12.96416	-0.04470400000000119	393.5093938931865	1303.4	1071.0533938931699	13885.307566974077
882	28.9	12.919455999999998	-0.1117600000000003	390.8002150695936	1303.4	129.5602150695895	1673.8474979420982
883	28.5	12.740639999999999	-0.17881599999999942	380.0570810817369	1303.4	-819.9669189182546	0.0
884	28.1	12.561824	-0.11175999999999942	369.46367718430326	1303.4	108.22367718431133	1359.4867854221345
885	28.0	12.51712	-0.022351999999999705	366.8387215365734	1303.4	1357.3107215365776	16989.621178759928
886	28.0	12.51712	-0.08940799999999971	366.8387215365734	1303.4	418.5267215365776	5238.749196679926
887	27.6	12.338304	-0.1788160000000003	356.4324802521686	1303.4	-843.5915197478357	0.0
888	27.2	12.159488	-0.2235200000000006	346.1759690581868	1303.4	-1479.7040309418217	0.0
889	26.6	11.891264	-0.0447040000000003	331.0719461867575	1303.4	1008.6159461867534	11993.718490716477
890	27.0	12.070079999999999	0.201168	341.10386224510455	1303.4	4460.8558622451055	53842.887125767396
891	27.5	12.2936	0.1788160000000003	353.85431525769593	1303.4	4160.678315257701	51149.714936452074
892	27.8	12.427712	0.1117600000000003	361.6168846330681	1303.4	3229.6568846330724	40137.24562103705
893	28.0	12.51712	0.0	366.8387215365734	1303.4	1670.2387215365734	20906.578506119873
894	27.8	12.427712	0.0	361.6168846330681	1303.4	1665.0168846330682	20692.350317357
895	28.0	12.51712	0.0447040000000003	366.8387215365734	1303.4	2296.0947215365777	28740.493160839927
896	28.0	12.51712	0.0	366.8387215365734	1303.4	1670.2387215365734	20906.578506119873
897	28.0	12.51712	-0.067056	366.8387215365734	1303.4	731.4547215365734	9155.706524039873
898	27.7	12.383008	-0.1341120000000009	359.02000337729265	1303.4	-215.1479966227198	0.0
899	27.4	12.248895999999998	-0.1788160000000003	351.28550839387475	1303.4	-848.7384916061296	0.0
900	26.9	12.025376	-0.17881599999999942	338.58184603454066	1303.4	-861.4421539654509	0.0
901	26.6	11.891264	-0.08940799999999971	331.0719461867575	1303.4	382.7599461867617	4551.499568732576
902	26.5	11.84656	-0.022351999999999705	328.58736249879934	1303.4	1319.0593624988035	15626.315881403825
903	26.5	11.84656	0.0	328.58736249879934	1303.4	1631.9873624987995	19333.43620908378
904	26.5	11.84656	-0.0447040000000003	328.58736249879934	1303.4	1006.1313624987952	11919.195553723726
905	26.3	11.757152	-0.067056	323.64626951483734	1303.4	688.2622695148373	8092.004118550908
906	26.2	11.712448	-0.022351999999999705	321.1897602188335	1303.4	1311.6617602188376	15362.770160151604
907	26.2	11.712448	-0.06705600000000089	321.1897602188335	1303.4	685.8057602188211	8032.464304663411
908	25.9	11.578335999999998	-0.134112	313.8763811147306	1303.4	-260.2916188852696	0.0
909	25.6	11.444224	-0.06705599999999912	306.6472251864908	1303.4	671.2632251865033	7682.086711996785
910	25.6	11.444224	0.06705599999999912	306.6472251864908	1303.4	2548.8312251864786	29169.395479228504
911	25.9	11.578335999999998	0.0447040000000003	313.8763811147306	1303.4	2243.132381114735	25971.74040102645
912	25.8	11.533632	-0.08940799999999971	311.4573043413326	1303.4	363.1453043413368	4188.3843028009815
913	25.5	11.399519999999999	-0.268224	304.25622280504695	1303.4	-2147.4797771949534	0.0
914	24.6	10.997184	-0.44703999999999944	283.1583172513684	1303.4	-4672.001682748623	0.0
915	23.5	10.50544	-0.5364480000000009	258.40138261297534	1303.4	-5948.470617387038	0.0
916	22.2	9.924287999999999	-0.42468799999999973	230.60305551286328	1303.4	-4411.628944487133	0.0
917	21.6	9.656064	-0.13411199999999912	218.306471836867	1303.4	-355.8615281631205	0.0
918	21.6	9.656064	0.022351999999999705	218.306471836867	1303.4	1834.634471836863	17715.34787666295
919	21.7	9.700768	0.22351999999999972	220.33250712290442	1303.4	4653.012507122901	45137.79483269761
920	22.6	10.103104	0.37998399999999943	238.98794057655644	1303.4	6862.163940576549	69329.1559566947
921	23.4	10.460735999999999	0.3129280000000003	256.20690097521185	1303.4	5940.5989009752175	62143.036784991884
922	24.0	10.72896	0.1788160000000003	269.5141627615642	1303.4	4076.3381627615686	43734.86909474236
923	24.2	10.818368	0.08940799999999882	274.02478173555977	1303.4	2829.1367817355435	30606.642827150787
924	24.4	10.907775999999998	0.15646399999999971	278.5728332321611	1303.4	3772.468833232157	41149.244999877716
925	24.9	11.131295999999999	0.1564640000000015	290.1067292600648	1303.4	3784.0027292600857	42120.85444420187
926	25.1	11.220704000000001	0.067056	294.78579458578656	1303.4	2536.969794585787	28466.587121987923
927	25.2	11.265407999999999	0.04470399999999941	297.1393644446244	1303.4	2226.3953644446165	25081.252149777294
928	25.3	11.310112	0.067056	299.5022924341139	1303.4	2541.686292434114	28746.756636294584
929	25.5	11.399519999999999	-0.022352000000000594	304.25622280504695	1303.4	1294.7282228050387	14759.280270430494
930	25.2	11.265407999999999	-0.11175999999999942	297.1393644446244	1303.4	35.89936444463251	404.4209874094786
931	25.0	11.176	-0.04470399999999941	292.4415828576	1303.4	969.9855828576083	10840.55887401663
932	25.0	11.176	0.0	292.4415828576	1303.4	1595.8415828576	17835.12553001654
933	25.0	11.176	-0.067056	292.4415828576	1303.4	657.0575828576	7343.275546016537
934	24.7	11.041888	-0.1117600000000003	285.4650964569491	1303.4	24.22509645694504	267.49080186678395
935	24.5	10.95248	-0.08940799999999971	280.860896176439	1303.4	332.5488961764431	3642.2351343945697
936	24.3	10.863072	-0.04470399999999941	276.29412841853474	1303.4	953.838128418543	10361.61226535588
937	24.3	10.863072	0.04470399999999941	276.29412841853474	1303.4	2205.5501284185266	23959.0498446197
938	24.5	10.95248	0.15646399999999971	280.860896176439	1303.4	3774.756896176435	41342.949410234476
939	25.0	11.176	0.1117600000000003	292.4415828576	1303.4	3160.4815828576043	35321.54217001658
940	25.0	11.176	-0.08940799999999971	292.4415828576	1303.4	344.1295828576042	3845.9922180165845
941	24.6	10.997184	-0.08940799999999971	283.1583172513684	1303.4	334.8463172513725	3682.366562535718
942	24.6	10.997184	-0.1117600000000003	283.1583172513684	1303.4	21.918317251364215	241.03976778362653
943	24.1	10.773664	-0.022352000000000594	271.76479318323624	1303.4	1262.236793183228	13598.915098193589
944	24.5	10.95248	0.2235200000000006	280.860896176439	1303.4	4713.540896176448	51624.96239455462
945	25.1	11.220704000000001	0.2458720000000003	294.78579458578656	1303.4	5040.393794585791	56556.76681248397
946	25.6	11.444224	0.0	306.6472251864908	1303.4	1610.0472251864908	18425.741095612644
947	25.1	11.220704000000001	-0.35763199999999973	294.78579458578656	1303.4	-3408.6622054142094	0.0
948	24.0	10.72896	-0.6929120000000006	269.5141627615642	1303.4	-8127.853837238445	0.0
949	22.0	9.83488	-0.8717280000000001	226.46676176492542	1303.4	-10674.325238235077	0.0
950	20.1	8.985504	-1.1399520000000005	189.03891822447838	1303.4	-14466.88908177553	0.0
951	16.9	7.554975999999999	-1.4528800000000004	133.63878476793457	1303.4	-18903.28121523207	0.0
952	13.6	6.079744	-1.4752319999999992	86.5439922645467	1303.4	-19263.30400773544	0.0
953	10.3	4.604512000000001	-1.4752319999999999	49.640204040580464	1303.4	-19300.207795959417	0.0
954	7.0	3.12928	-1.4752320000000003	22.92742009603584	1303.4	-19326.920579903966	0.0
955	3.7	1.654048	-1.475232	6.40564043091287	1303.4	-19343.442359569086	0.0
956	0.4	0.178816	-0.827024	0.0748650452115456	1303.4	-10274.861134954788	0.0
957	0.0	0.0	-0.089408	0.0	1303.4	51.6880000000001	0.0
958	0.0	0.0	0.0	0.0	1303.4	1303.4	0.0
959	0.0	0.0	0.44704	0.0	1303.4	7561.959999999999	0.0
960	2.0	0.89408	1.184656	1.8716261302886399	1303.4	17890.455626130286	15995.498566210566
961	5.3	2.369312	1.475232	13.143494499951972	1303.4	21969.791494499954	52053.290625416674
962	8.6	3.844544	1.475232	34.60636714903695	1303.4	21991.25436714904	84546.34502969663
963	11.9	5.319776	1.4752319999999997	66.26024407754358	1303.4	22022.908244077542	117156.93872704585
964	15.2	6.795007999999999	1.251712	108.10512528547181	1303.4	18935.473125285473	128666.69137009977
965	17.5	7.8232	0.7599680000000006	143.296375600224	1303.4	12086.248375600233	94553.13829199574
966	18.6	8.314944	0.5587999999999997	161.8769440086645	1303.4	9288.47694400866	77233.16563472315
967	20.0	8.9408	0.5587999999999997	187.16261302886394	1303.4	9313.76261302886	83272.48877056844
968	21.1	9.432544	0.4470400000000003	208.31666736645133	1303.4	7770.2766673664555	73293.47655710745
969	22.0	9.83488	0.42468799999999973	226.46676176492542	1303.4	7475.498761764922	73520.6332621066
970	23.0	10.28192	0.5587999999999997	247.5225557306726	1303.4	9374.122555730668	96383.97818821826
971	24.5	10.95248	0.737616	280.860896176439	1303.4	11910.884896176438	130453.72860767451
972	26.3	11.757152	0.67056	323.64626951483734	1303.4	11014.886269514836	129503.69213339889
973	27.5	12.2936	0.402336	353.85431525769593	1303.4	7289.958315257696	89619.83154445201
974	28.1	12.561824	0.201168	369.46367718430326	1303.4	4489.215677184304	56392.73723483004
975	28.4	12.695936	0.08940799999999971	377.3946929114013	1303.4	2932.5066929113973	37230.91729277475
976	28.5	12.740639999999999	0.022351999999999705	380.0570810817369	1303.4	1996.385081081733	25435.223619433167
977	28.5	12.740639999999999	0.0	380.0570810817369	1303.4	1683.457081081737	21448.32062551322
978	28.5	12.740639999999999	-0.17881599999999942	380.0570810817369	1303.4	-819.9669189182546	0.0
979	27.7	12.383008	-0.22351999999999972	359.02000337729265	1303.4	-1466.8599966227034	0.0
980	27.5	12.2936	-0.1117600000000003	353.85431525769593	1303.4	92.61431525769194	1138.5633460519616
981	27.2	12.159488	-0.15646399999999971	346.1759690581868	1303.4	-540.920030941809	0.0
982	26.8	11.980672	-0.15646399999999971	336.0691879546282	1303.4	-551.0268120453677	0.0
983	26.5	11.84656	-0.1788160000000003	328.58736249879934	1303.4	-871.436637501205	0.0
984	26.0	11.62304	-0.1788160000000003	316.30481601878006	1303.4	-883.7191839812244	0.0
985	25.7	11.488928	-0.1788160000000003	309.0475856985859	1303.4	-890.9764143014186	0.0
986	25.2	11.265407999999999	-0.37998399999999943	297.1393644446244	1303.4	-3719.2366355553672	0.0
987	24.0	10.72896	-0.7152639999999995	269.5141627615642	1303.4	-8440.781837238428	0.0
988	22.0	9.83488	-0.5588000000000006	226.46676176492542	1303.4	-6293.333238235084	0.0
989	21.5	9.61136	-0.1117600000000003	216.2897946814809	1303.4	-44.9502053185231	0.0
990	21.5	9.61136	0.067056	216.2897946814809	1303.4	2458.473794681481	23629.2766912498
991	21.8	9.745472	0.2235200000000006	222.36790053959325	1303.4	4655.047900539602	45365.63897336747
992	22.5	10.0584	0.268224	236.877682114656	1303.4	5295.413682114657	53263.38898018207
993	23.0	10.28192	0.067056	247.5225557306726	1303.4	2489.706555730673	25598.963629498317
994	22.8	10.192512	-0.04470399999999941	243.2365318923117	1303.4	920.7805318923199	9385.066620678854
995	22.8	10.192512	0.04470399999999941	243.2365318923117	1303.4	2172.4925318923033	22143.156201222686
996	23.0	10.28192	-0.022352000000000594	247.5225557306726	1303.4	1237.9945557306644	12728.960982458233
997	22.7	10.147808	-0.067056	241.10755716910828	1303.4	605.7235571691083	6146.766359229134
998	22.7	10.147808	0.0	241.10755716910828	1303.4	1544.5075571691084	15673.366144701135
999	22.7	10.147808	0.1788160000000003	241.10755716910828	1303.4	4047.9315571691127	41077.632239293176
1000	23.5	10.50544	0.2905760000000006	258.40138261297534	1303.4	5629.865382612983	59144.21298511774
1001	24.0	10.72896	0.2458720000000003	269.5141627615642	1303.4	5015.122162761569	53807.04507938236
1002	24.6	10.997184	0.17881599999999942	283.1583172513684	1303.4	4089.98231725136	44978.288099559584
1003	24.8	11.086592	0.1117600000000003	287.78123379318123	1303.4	3155.8212337931855	34987.30244400166
1004	25.1	11.220704000000001	0.15646399999999971	294.78579458578656	1303.4	3788.6817945857824	42511.67696723587
1005	25.5	11.399519999999999	0.11175999999999942	304.25622280504695	1303.4	3172.296222805039	36162.6542377905
1006	25.6	11.444224	0.0	306.6472251864908	1303.4	1610.0472251864908	18425.741095612644
1007	25.5	11.399519999999999	-0.134112	304.25622280504695	1303.4	-269.9117771949532	0.0
1008	25.0	11.176	-0.31292799999999943	292.4415828576	1303.4	-2785.1504171423917	0.0
1009	24.1	10.773664	-0.2905760000000006	271.76479318323624	1303.4	-2492.899206816772	0.0
1010	23.7	10.594847999999999	-0.201168	262.81842028045645	1303.4	-1250.1335797195438	0.0
1011	23.2	10.371328	-0.1788160000000003	251.84601209163938	1303.4	-948.1779879083651	0.0
1012	22.9	10.237215999999998	-0.15646399999999971	245.37486474616634	1303.4	-641.7211352538295	0.0
1013	22.5	10.0584	-0.20116799999999913	236.877682114656	1303.4	-1276.0743178853313	0.0
1014	22.0	9.83488	-0.201168	226.46676176492542	1303.4	-1286.485238235075	0.0
1015	21.6	9.656064	-0.33528	218.306471836867	1303.4	-3172.213528163133	0.0
1016	20.5	9.16432	-0.9164320000000004	196.63772031345022	1303.4	-11330.010279686554	0.0
1017	17.5	7.8232	-1.408176	143.296375600224	1303.4	-18267.767624399774	0.0
1018	14.2	6.347968	-1.475232	94.34867322785033	1303.4	-19255.499326772147	0.0
1019	10.9	4.872736	-1.475232	55.59197513489831	1303.4	-19294.2560248651	0.0
1020	7.6	3.3975039999999996	-1.4752319999999999	27.026281321367954	1303.4	-19322.82171867863	0.0
1021	4.3	1.922272	-1.4752319999999999	8.651591787259237	1303.4	-19341.196408212738	0.0
1022	1.0	0.44704	-0.961136	0.46790653257215997	1303.4	-12152.036093467428	0.0
1023	0.0	0.0	-0.22352	0.0	1303.4	-1825.8799999999997	0.0
1024	0.0	0.0	0.0	0.0	1303.4	1303.4	0.0
1025	0.0	0.0	0.0	0.0	1303.4	1303.4	0.0
1026	0.0	0.0	0.0	0.0	1303.4	1303.4	0.0
1027	0.0	0.0	0.0	0.0	1303.4	1303.4	0.0
1028	0.0	0.0	0.0	0.0	1303.4	1303.4	0.0
1029	0.0	0.0	0.0	0.0	1303.4	1303.4	0.0
1030	0.0	0.0	0.0	0.0	1303.4	1303.4	0.0
1031	0.0	0.0	0.0	0.0	1303.4	1303.4	0.0
1032	0.0	0.0	0.0	0.0	1303.4	1303.4	0.0
1033	0.0	0.0	0.0	0.0	1303.4	1303.4	0.0
1034	0.0	0.0	0.0	0.0	1303.4	1303.4	0.0
1035	0.0	0.0	0.0	0.0	1303.4	1303.4	0.0
1036	0.0	0.0	0.0	0.0	1303.4	1303.4	0.0
1037	0.0	0.0	0.0	0.0	1303.4	1303.4	0.0
1038	0.0	0.0	0.0	0.0	1303.4	1303.4	0.0
1039	0.0	0.0	0.0	0.0	1303.4	1303.4	0.0
1040	0.0	0.0	0.0	0.0	1303.4	1303.4	0.0
1041	0.0	0.0	0.0	0.0	1303.4	1303.4	0.0
1042	0.0	0.0	0.0	0.0	1303.4	1303.4	0.0
1043	0.0	0.0	0.0	0.0	1303.4	1303.4	0.0
1044	0.0	0.0	0.0	0.0	1303.4	1303.4	0.0
1045	0.0	0.0	0.0	0.0	1303.4	1303.4	0.0
1046	0.0	0.0	0.0	0.0	1303.4	1303.4	0.0
1047	0.0	0.0	0.0	0.0	1303.4	1303.4	0.0
1048	0.0	0.0	0.0	0.0	1303.4	1303.4	0.0
1049	0.0	0.0	0.0	0.0	1303.4	1303.4	0.0
1050	0.0	0.0	0.0	0.0	1303.4	1303.4	0.0
1051	0.0	0.0	0.0	0.0	1303.4	1303.4	0.0
1052	0.0	0.0	0.26822399999999996	0.0	1303.4	5058.536	0.0
1053	1.2	0.5364479999999999	0.89408	0.6737854069039102	1303.4	13821.193785406902	7414.35176379396
1054	4.0	1.78816	1.363472	7.4865045211545596	1303.4	20399.494504521157	36477.56009320455
1055	7.3	3.263392	1.4752319999999999	24.934739120770406	1303.4	21981.58273912077	71734.52125818482
1056	10.6	4.738624	1.4752319999999999	52.57397799980789	1303.4	22009.22197799981	104293.42748627736
1057	13.9	6.213856	1.4305280000000002	90.40422115826702	1303.4	21421.196221158272	133108.22866602166
1058	17.0	7.59968	1.0281919999999998	135.22498791335423	1303.4	15833.31298791335	120328.11204798533
1059	18.5	8.27024	0.6705599999999996	160.14101077282174	1303.4	10851.381010772817	89743.52529053377
1060	20.0	8.9408	0.737616	187.16261302886394	1303.4	11817.186613028864	105655.10206976846
1061	21.8	9.745472	0.67056	222.36790053959325	1303.4	10913.607900539593	106358.26021368739
1062	23.0	10.28192	0.4917440000000006	247.5225557306726	1303.4	8435.338555730681	86731.4762029384
1063	24.0	10.72896	0.402336	269.5141627615642	1303.4	7205.618162761564	77308.78904354232
1064	24.8	11.086592	0.35763199999999973	287.78123379318123	1303.4	6598.029233793177	73149.65811913756
1065	25.6	11.444224	0.3799840000000003	306.6472251864908	1303.4	6929.823225186496	79306.44926943669
1066	26.5	11.84656	0.268224	328.58736249879934	1303.4	5387.1233624988	63818.88014124378
1067	26.8	11.980672	0.20116799999999913	336.0691879546282	1303.4	4455.821187954616	53383.73214353461
1068	27.4	12.248895999999998	0.24587199999999942	351.28550839387475	1303.4	5096.893508393867	62431.318507391596
1069	27.9	12.472415999999999	0.2011680000000009	364.223124019495	1303.4	4483.975124019507	55926.00308042288
1070	28.3	12.651232	0.022352000000000594	374.7416628717172	1303.4	1991.0696628717255	25189.484233151987
1071	28.0	12.51712	-0.1788160000000003	366.8387215365734	1303.4	-833.1852784634311	0.0
1072	27.5	12.2936	-0.2235200000000006	353.85431525769593	1303.4	-1472.0256847423125	0.0
1073	27.0	12.070079999999999	-0.1117600000000003	341.10386224510455	1303.4	79.86386224510034	963.9632064073406
1074	27.0	12.070079999999999	-0.15646399999999971	341.10386224510455	1303.4	-545.9921377548912	0.0
1075	26.3	11.757152	-0.5587999999999997	323.64626951483734	1303.4	-6196.153730485159	0.0
1076	24.5	10.95248	-0.8493759999999995	280.860896176439	1303.4	-10307.003103823554	0.0
1077	22.5	10.0584	-0.67056	236.877682114656	1303.4	-7847.562317885344	0.0
1078	21.5	9.61136	-0.42468799999999973	216.2897946814809	1303.4	-4425.942205318515	0.0
1079	20.6	9.209024000000001	-0.7823199999999995	198.56081616232186	1303.4	-9450.51918383767	0.0
1080	18.0	8.04672	-1.2517120000000008	151.60171655337984	1303.4	-16068.96628344663	0.0
1081	15.0	6.7056	-1.274064	105.27896982873598	1303.4	-16428.217030171265	0.0
1082	12.3	5.498592	-0.8717280000000001	70.7895793128421	1303.4	-10830.002420687159	0.0
1083	11.1	4.9621439999999994	-0.3799840000000003	57.65076387821582	1303.4	-3958.7252361217884	0.0
1084	10.6	4.738624	-0.24587199999999987	52.57397799980789	1303.4	-2086.23402200019	0.0
1085	10.0	4.4704	-0.24587199999999987	46.790653257215986	1303.4	-2092.017346742782	0.0
1086	9.5	4.24688	-0.201168	42.22856456463744	1303.4	-1470.7234354353627	0.0
1087	9.1	4.068064	-0.17881600000000009	38.747339962300565	1303.4	-1161.2766600377008	0.0
1088	8.7	3.889248	-0.11175999999999986	35.41584545038678	1303.4	-225.8241545496112	0.0
1089	8.6	3.844544	0.02235200000000015	34.60636714903695	1303.4	1650.9343671490392	6347.089815616636
1090	8.8	3.933952	0.08940800000000015	36.234681882388074	1303.4	2591.3466818823904	10194.233461884594
1091	9.0	4.02336	-0.02235200000000015	37.90042913834496	1303.4	1028.372429138343	4137.512496498044
1092	8.7	3.889248	-0.08940800000000015	35.41584545038678	1303.4	87.1038454503846	338.7684567102174
1093	8.6	3.844544	-0.15646399999999994	34.60636714903695	1303.4	-852.4896328509622	0.0
1094	8.0	3.57632	-0.35763199999999995	29.946018084618238	1303.4	-3673.501981915381	0.0
1095	7.0	3.12928	-0.67056	22.92742009603584	1303.4	-8061.512579903965	0.0
1096	5.0	2.2352	-0.625856	11.697663314303997	1303.4	-7446.886336685697	0.0
1097	4.2	1.8775680000000001	-0.5364479999999999	8.253871234572904	1303.4	-6198.618128765425	0.0
1098	2.6	1.162304	-0.7152640000000001	3.1630481601878015	1303.4	-8707.132951839814	0.0
1099	1.0	0.44704	-0.581152	0.46790653257215997	1303.4	-6832.260093467428	0.0
1100	0.0	0.0	-0.20116799999999999	0.0	1303.4	-1512.9519999999998	0.0
1101	0.1	0.044704	0.13411199999999998	0.0046790653257216	1303.4	3180.972679065326	142.20220264493634
1102	0.6	0.26822399999999996	0.33528	0.16844635172597755	1303.4	5997.488446351726	1608.6703410342452
1103	1.6	0.715264	0.67056	1.1978407233847297	1303.4	10692.437840723385	7647.915859707172
1104	3.6	1.609344	1.1846560000000002	6.064068662135194	1303.4	17894.648068662136	28798.644501413
1105	6.9	3.084576	1.4305279999999998	22.277030015760538	1303.4	21353.06903001576	65865.1642563299
1106	10.0	4.4704	1.318768	46.790653257215986	1303.4	19812.942653257218	88571.77883712106
1107	12.8	5.722112	0.8940800000000002	76.6618062966227	1303.4	13897.181806296625	79521.23077999159
1108	14.0	6.25856	0.3799839999999999	91.70968038414335	1303.4	6714.885680384141	42025.51492382497
1109	14.5	6.48208	0.4470399999999999	98.37734847329662	1303.4	7660.337348473295	49654.91951979177
1110	16.0	7.15264	0.804672	119.78407233847295	1303.4	12688.592072338473	90756.93120029106
1111	18.1	8.091424	0.8940799999999998	153.29085913596532	1303.4	13973.810859135961	113068.02855707334
1112	20.0	8.9408	0.6482080000000003	187.16261302886394	1303.4	10565.474613028868	94463.79542016849
1113	21.0	9.38784	0.268224	206.3467808643226	1303.4	5264.882780864324	49425.87716550934
1114	21.2	9.477248	0.067056	210.29591199923155	1303.4	2452.4799119992317	23242.760341034893
1115	21.3	9.521952	0.0447040000000003	212.28451476266326	1303.4	2141.5405147626675	20391.645987625412
1116	21.4	9.566656	0.08940799999999971	214.28247565674639	1303.4	2769.3944756567425	26493.84427690843
1117	21.7	9.700768	0.2458720000000003	220.33250712290442	1303.4	4965.9405071229085	48173.43676140168
1118	22.5	10.0584	0.2905759999999997	236.877682114656	1303.4	5608.341682114653	56410.943975382026
1119	23.0	10.28192	0.2905759999999997	247.5225557306726	1303.4	5618.986555730669	57773.97024709828
1120	23.8	10.639552	0.33528	265.0409763101743	1303.4	6262.360976310174	66628.71525022287
1121	24.5	10.95248	0.268224	280.860896176439	1303.4	5339.396896176439	58479.637717434525
1122	25.0	11.176	0.08940799999999971	292.4415828576	1303.4	2847.5535828575958	31824.25884201649
1123	24.9	11.131295999999999	-0.0447040000000003	290.1067292600648	1303.4	967.6507292600606	10771.206692009595
1124	24.8	11.086592	0.022352000000000594	287.78123379318123	1303.4	1904.1092337931896	21110.082198497705
1125	25.0	11.176	0.134112	292.4415828576	1303.4	3473.4095828576005	38818.825498016544
1126	25.4	11.354816	0.1788160000000003	301.8745785542547	1303.4	4108.698578554259	46653.516358945155
1127	25.8	11.533632	0.134112	311.4573043413326	1303.4	3492.425304341333	40280.348247760936
1128	26.0	11.62304	0.13411199999999912	316.30481601878006	1303.4	3497.272816018768	40648.94183149878
1129	26.4	11.801855999999999	0.134112	326.11213694149257	1303.4	3507.080136941493	41390.054756643774
1130	26.6	11.891264	0.1117600000000003	331.0719461867575	1303.4	3199.111946186762	38041.484717660576
1131	26.9	12.025376	0.08940799999999971	338.58184603454066	1303.4	2893.6938460345364	34797.756527451405
1132	27.0	12.070079999999999	0.022351999999999705	341.10386224510455	1303.4	1957.4318622451005	23626.35917184734
1133	27.0	12.070079999999999	0.0	341.10386224510455	1303.4	1644.5038622451048	19849.293177607393
1134	27.0	12.070079999999999	-0.022351999999999705	341.10386224510455	1303.4	1331.5758622451087	16072.22718336744
1135	26.9	12.025376	-0.04470399999999941	338.58184603454066	1303.4	1016.1258460345489	12219.295361883558
1136	26.8	11.980672	-0.022351999999999705	336.0691879546282	1303.4	1326.5411879546323	15892.854867374801
1137	26.8	11.980672	-0.067056	336.0691879546282	1303.4	700.6851879546282	8394.679412142752
1138	26.5	11.84656	-0.0894080000000006	328.58736249879934	1303.4	380.2753624987911	4504.954898363679
1139	26.4	11.801855999999999	-0.1117600000000003	326.11213694149257	1303.4	64.8721369414884	765.6116185957266
1140	26.0	11.62304	-0.201168	316.30481601878006	1303.4	-1196.6471839812202	0.0
1141	25.5	11.399519999999999	-0.31292799999999943	304.25622280504695	1303.4	-2773.335777194945	0.0
1142	24.6	10.997184	-0.44703999999999944	283.1583172513684	1303.4	-4672.001682748623	0.0
1143	23.5	10.50544	-0.6929120000000006	258.40138261297534	1303.4	-8138.966617387034	0.0
1144	21.5	9.61136	-0.7823200000000003	216.2897946814809	1303.4	-9432.790205318524	0.0
1145	20.0	8.9408	-0.8940799999999998	187.16261302886394	1303.4	-11026.557386971133	0.0
1146	17.5	7.8232	-0.8940799999999998	143.296375600224	1303.4	-11070.423624399773	0.0
1147	16.0	7.15264	-0.7823199999999999	119.78407233847295	1303.4	-9529.295927661527	0.0
1148	14.0	6.25856	-1.184656	91.70968038414335	1303.4	-15190.074319615853	0.0
1149	10.7	4.783328	-1.475232	53.570618914186596	1303.4	-19296.277381085813	0.0
1150	7.4	3.308096	-1.475232	25.62256172365148	1303.4	-19324.225438276346	0.0
1151	4.1	1.8328639999999998	-1.4752319999999999	7.865508812538008	1303.4	-19341.98249118746	0.0
1152	0.8	0.357632	-0.9164319999999999	0.2994601808461824	1303.4	-11526.348539819153	0.0
1153	0.0	0.0	-0.178816	0.0	1303.4	-1200.024	0.0
1154	0.0	0.0	0.0	0.0	1303.4	1303.4	0.0
1155	0.0	0.0	0.0	0.0	1303.4	1303.4	0.0
1156	0.0	0.0	0.0	0.0	1303.4	1303.4	0.0
1157	0.0	0.0	0.0	0.0	1303.4	1303.4	0.0
1158	0.0	0.0	0.0	0.0	1303.4	1303.4	0.0
1159	0.0	0.0	0.0	0.0	1303.4	1303.4	0.0
1160	0.0	0.0	0.0	0.0	1303.4	1303.4	0.0
1161	0.0	0.0	0.0	0.0	1303.4	1303.4	0.0
1162	0.0	0.0	0.0	0.0	1303.4	1303.4	0.0
1163	0.0	0.0	0.0	0.0	1303.4	1303.4	0.0
1164	0.0	0.0	0.0	0.0	1303.4	1303.4	0.0
1165	0.0	0.0	0.0	0.0	1303.4	1303.4	0.0
1166	0.0	0.0	0.0	0.0	1303.4	1303.4	0.0
1167	0.0	0.0	0.0	0.0	1303.4	1303.4	0.0
1168	0.0	0.0	0.46939200000000003	0.0	1303.4	7874.888000000001	0.0
1169	2.1	0.9387840000000001	1.207008	2.063467808643226	1303.4	18203.575467808645	17089.22539197127
1170	5.4	2.414016	1.4752319999999999	13.644154489804187	1303.4	21970.292154489805	53036.63678561286
1171	8.7	3.889248	1.475232	35.41584545038678	1303.4	21992.06384545039	85532.59032679023
1172	12.0	5.36448	1.4752320000000003	67.37854069039105	1303.4	22024.026540690396	118147.44989700282
1173	15.3	6.8397120000000005	1.475232	109.53224020981695	1303.4	22066.18024020982	150926.317783126
1174	18.6	8.314944	1.2964159999999998	161.8769440086645	1303.4	19615.100944008664	163098.46590377917
1175	21.1	9.432544	0.9834879999999995	208.31666736645133	1303.4	15280.548667366444	144134.44764907536
1176	23.0	10.28192	0.536448	247.5225557306726	1303.4	9061.194555730674	93166.47752645833
1177	23.5	10.50544	0.0	258.40138261297534	1303.4	1561.8013826129754	16407.410716957656
1178	23.0	10.28192	-0.22351999999999972	247.5225557306726	1303.4	-1578.3574442693234	0.0
1179	22.5	10.0584	-0.67056	236.877682114656	1303.4	-7847.562317885344	0.0
1180	20.0	8.9408	-1.2964160000000007	187.16261302886394	1303.4	-16659.261386971142	0.0
1181	16.7	7.465567999999999	-1.4752319999999997	130.49445286904967	1303.4	-19219.353547130944	0.0
1182	13.4	5.990336	-1.4752319999999997	84.01729698865705	1303.4	-19265.83070301134	0.0
1183	10.1	4.515104	-1.475232	47.731145387686034	1303.4	-19302.11685461231	0.0
1184	6.8	3.039872	-1.475232	21.635998066136676	1303.4	-19328.21200193386	0.0
1185	3.5	1.56464	-1.4752319999999999	5.73185502400896	1303.4	-19344.11614497599	0.0
1186	0.2	0.089408	-0.78232	0.0187162613028864	1303.4	-9649.061283738696	0.0
1187	0.0	0.0	-0.044704	0.0	1303.4	677.5440000000001	0.0
1188	0.0	0.0	0.0	0.0	1303.4	1303.4	0.0
1189	0.0	0.0	0.0	0.0	1303.4	1303.4	0.0
1190	0.0	0.0	0.0	0.0	1303.4	1303.4	0.0
1191	0.0	0.0	0.0	0.0	1303.4	1303.4	0.0
1192	0.0	0.0	0.0	0.0	1303.4	1303.4	0.0
1193	0.0	0.0	0.0	0.0	1303.4	1303.4	0.0
1194	0.0	0.0	0.0	0.0	1303.4	1303.4	0.0
1195	0.0	0.0	0.0	0.0	1303.4	1303.4	0.0
1196	0.0	0.0	0.044704	0.0	1303.4	1929.256	0.0
1197	0.2	0.089408	0.33528	0.0187162613028864	1303.4	5997.3387162613035	536.2100599434906
1198	1.5	0.67056	0.737616	1.0527896982873601	1303.4	11631.076789698287	7799.3348521000835
1199	3.5	1.56464	1.1176	5.73185502400896	1303.4	16955.531855024008	26529.303361644765
1200	6.5	2.90576	1.408176	19.769051001173754	1303.4	21037.633051001176	61130.31261427717
1201	9.8	4.380992	1.2293600000000002	44.937743388230246	1303.4	18559.377743388235	81308.4854187619
1202	12.0	5.36448	0.6929120000000002	67.37854069039105	1303.4	11071.546540690393	59393.089986602805
1203	12.9	5.766816	0.22351999999999972	77.86432608533315	1303.4	4510.54432608533	26011.4791883781
1204	13.0	5.81152	-0.06705600000000045	79.07620400469501	1303.4	443.69220400468885	2578.5261174173293
1205	12.6	5.6327039999999995	-0.044703999999999855	74.2848411111561	1303.4	751.8288411111582	4234.829320642185
1206	12.8	5.722112	0.1117600000000003	76.6618062966227	1303.4	2944.701806296627	16849.913542231607
1207	13.1	5.856224	0.067056	80.29744005470837	1303.4	2322.4814400547084	13600.971548802945
1208	13.1	5.856224	0.201168	80.29744005470837	1303.4	4200.049440054709	24596.430332034946
1209	14.0	6.25856	0.536448	91.70968038414335	1303.4	8905.381680384144	55734.86556958499
1210	15.5	6.92912	0.67056	112.41454445046143	1303.4	10803.65454445046	74859.81877704259
1211	17.0	7.59968	0.6929120000000002	135.22498791335423	1303.4	11139.392987913356	84655.82210238537
1212	18.6	8.314944	0.6035039999999996	161.8769440086645	1303.4	9914.33294400866	82437.12322678715
1213	19.7	8.806688	0.536448	181.58984622592953	1303.4	8995.26184622593	79218.46455801574
1214	21.0	9.38784	0.402336	206.3467808643226	1303.4	7142.450780864323	67052.18513862933
1215	21.5	9.61136	0.17881599999999942	216.2897946814809	1303.4	4023.113794681473	38667.595001649715
1216	21.8	9.745472	0.067056	222.36790053959325	1303.4	2464.5519005395936	24018.22153925539
1217	21.8	9.745472	-0.067056	222.36790053959325	1303.4	586.9839005395933	5720.43516715939
1218	21.5	9.61136	-0.134112	216.2897946814809	1303.4	-357.8782053185191	0.0
1219	21.2	9.477248	0.0	210.29591199923155	1303.4	1513.6959119992316	14345.671554602894
1220	21.5	9.61136	0.134112	216.2897946814809	1303.4	3397.2577946814813	32652.2676774898
1221	21.8	9.745472	0.1117600000000003	222.36790053959325	1303.4	3090.4079005395974	30117.48366328743
1222	22.0	9.83488	0.022351999999999705	226.46676176492542	1303.4	1842.7947617649215	18123.665346586593
1223	21.9	9.790175999999999	-0.067056	224.4126520869336	1303.4	589.0286520869336	5766.694172973846
1224	21.7	9.700768	-0.08940799999999971	220.33250712290442	1303.4	272.0205071229086	2638.807830841684
1225	21.5	9.61136	-0.0447040000000003	216.2897946814809	1303.4	893.8337946814768	8590.958380849757
1226	21.5	9.61136	-0.022351999999999705	216.2897946814809	1303.4	1206.761794681485	11598.622042929837
1227	21.4	9.566656	-0.31292799999999943	214.28247565674639	1303.4	-2863.309524343246	0.0
1228	20.1	8.985504	-0.42468799999999973	189.03891822447838	1303.4	-4453.193081775518	0.0
1229	19.5	8.71728	-0.2011680000000009	177.92145901056386	1303.4	-1335.0305409894486	0.0
1230	19.2	8.583167999999999	0.022351999999999705	172.489064167401	1303.4	1788.817064167397	15353.717383015546
1231	19.6	8.761984	0.1341120000000009	179.75097355292098	1303.4	3360.7189735529337	29446.565874767228
1232	19.8	8.851392	0.08940799999999971	183.43807702958964	1303.4	2738.5500770295857	24239.98024341906
1233	20.0	8.9408	-0.067056	187.16261302886394	1303.4	551.7786130288639	4933.342223368466
1234	19.5	8.71728	-0.5587999999999997	177.92145901056386	1303.4	-6341.878540989432	0.0
1235	17.5	7.8232	-0.8940800000000002	143.296375600224	1303.4	-11070.423624399778	0.0
1236	15.5	6.92912	-1.00584	112.41454445046143	1303.4	-12665.94545554954	0.0
1237	13.0	5.81152	-1.2293600000000002	79.07620400469501	1303.4	-15828.563795995311	0.0
1238	10.0	4.4704	-1.1176	46.790653257215986	1303.4	-14296.209346742784	0.0
1239	8.0	3.57632	-0.8940799999999998	29.946018084618238	1303.4	-11183.77398191538	0.0
1240	6.0	2.68224	-0.89408	16.844635172597762	1303.4	-11196.875364827401	0.0
1241	4.0	1.78816	-0.7823200000000001	7.4865045211545596	1303.4	-9641.593495478846	0.0
1242	2.5	1.1176	-0.737616	2.924415828575999	1303.4	-9020.299584171424	0.0
1243	0.7	0.312928	-0.5588	0.22927420096035836	1303.4	-6519.57072579904	0.0
1244	0.0	0.0	-0.156464	0.0	1303.4	-887.096	0.0
1245	0.0	0.0	0.0	0.0	1303.4	1303.4	0.0
1246	0.0	0.0	0.0	0.0	1303.4	1303.4	0.0
1247	0.0	0.0	0.0	0.0	1303.4	1303.4	0.0
1248	0.0	0.0	0.0	0.0	1303.4	1303.4	0.0
1249	0.0	0.0	0.0	0.0	1303.4	1303.4	0.0
1250	0.0	0.0	0.0	0.0	1303.4	1303.4	0.0
1251	0.0	0.0	0.22352	0.0	1303.4	4432.68	0.0
1252	1.0	0.44704	0.22352	0.46790653257215997	1303.4	4433.147906532572	1981.7944401363209
1253	1.0	0.44704	0.0	0.46790653257215997	1303.4	1303.8679065325723	582.8811089363211
1254	1.0	0.44704	0.0	0.46790653257215997	1303.4	1303.8679065325723	582.8811089363211
1255	1.0	0.44704	0.0	0.46790653257215997	1303.4	1303.8679065325723	582.8811089363211
1256	1.0	0.44704	0.134112	0.46790653257215997	1303.4	3181.4359065325725	1422.2291076563213
1257	1.6	0.715264	0.44704000000000005	1.1978407233847297	1303.4	7563.157840723385	5409.654529787171
1258	3.0	1.34112	0.536448	4.2111587931494405	1303.4	8817.88315879315	11825.839461920672
1259	4.0	1.78816	0.4470399999999999	7.4865045211545596	1303.4	7569.446504521153	13535.381461524545
1260	5.0	2.2352	0.5140959999999999	11.697663314303997	1303.4	8512.441663314303	19027.00960584013
1261	6.3	2.8163519999999997	0.67056	18.571210277789024	1303.4	10709.811210277789	30162.59822168827
1262	8.0	3.57632	0.827024	29.946018084618238	1303.4	12911.682018084617	46176.30663491638
1263	10.0	4.4704	0.5588000000000002	46.790653257215986	1303.4	9173.390653257218	41008.72557632106
1264	10.5	4.69392	-0.11175999999999986	51.58669521608065	1303.4	-209.6533047839173	0.0
1265	9.5	4.24688	-0.4470400000000001	42.22856456463744	1303.4	-4912.931435435365	0.0
1266	8.5	3.79984	-0.4246880000000002	33.80624697833856	1303.4	-4608.425753021664	0.0
1267	7.6	3.3975039999999996	0.067056	27.026281321367954	1303.4	2269.2102813213683	7709.651007630473
1268	8.8	3.933952	0.7599680000000002	36.234681882388074	1303.4	11979.186681882391	47125.5454055646
1269	11.0	4.91744	1.162304	56.616690441231356	1303.4	17632.27269044123	86705.64301888332
1270	14.0	6.25856	1.34112	91.70968038414335	1303.4	20170.789680384147	126240.09746206501
1271	17.0	7.59968	1.2293600000000002	135.22498791335423	1303.4	18649.664987913362	141731.48601534544
1272	19.5	8.71728	0.8940800000000002	177.92145901056386	1303.4	13998.441459010566	122028.33376180363
1273	21.0	9.38784	0.5140959999999994	206.3467808643226	1303.4	8707.090780864315	81740.77511622926
1274	21.8	9.745472	0.26822399999999913	222.36790053959325	1303.4	5280.903900539581	51464.90109739926
1275	22.2	9.924287999999999	0.268224	230.60305551286328	1303.4	5289.139055512864	52490.93925895764
1276	23.0	10.28192	0.3129280000000012	247.5225557306726	1303.4	5931.914555730689	60991.470908858486
1277	23.6	10.550144000000001	0.2458720000000003	260.60522238139026	1303.4	5006.213222381395	52816.27039082775
1278	24.1	10.773664	0.20116799999999913	271.76479318323624	1303.4	4391.516793183224	47312.72638011354
1279	24.5	10.95248	0.08940799999999971	280.860896176439	1303.4	2835.972896176435	31060.93642591448
1280	24.5	10.95248	-0.11175999999999942	280.860896176439	1303.4	19.620896176447104	214.89747295461336
1281	24.0	10.72896	-0.22351999999999972	269.5141627615642	1303.4	-1556.365837238432	0.0
1282	23.5	10.50544	-0.1117600000000003	258.40138261297534	1303.4	-2.838617387028762	0.0
1283	23.5	10.50544	0.0	258.40138261297534	1303.4	1561.8013826129754	16407.410716957656
1284	23.5	10.50544	0.0	258.40138261297534	1303.4	1561.8013826129754	16407.410716957656
1285	23.5	10.50544	0.0	258.40138261297534	1303.4	1561.8013826129754	16407.410716957656
1286	23.5	10.50544	0.0	258.40138261297534	1303.4	1561.8013826129754	16407.410716957656
1287	23.5	10.50544	0.1117600000000003	258.40138261297534	1303.4	3126.4413826129794	32844.6423585577
1288	24.0	10.72896	0.134112	269.5141627615642	1303.4	3450.4821627615643	37020.08510498232
1289	24.1	10.773664	0.11175999999999942	271.76479318323624	1303.4	3139.804793183228	33827.20186734559
1290	24.5	10.95248	0.134112	280.860896176439	1303.4	3461.8288961764392	37915.61174879452
1291	24.7	11.041888	0.1117600000000003	285.4650964569491	1303.4	3153.5050964569537	34820.65008250688
1292	25.0	11.176	0.15646399999999971	292.4415828576	1303.4	3786.337582857596	42316.10882601649
1293	25.4	11.354816	0.134112	301.8745785542547	1303.4	3482.842578554255	39547.03663644911
1294	25.6	11.444224	0.067056	306.6472251864908	1303.4	2548.831225186491	29169.395479228642
1295	25.7	11.488928	0.08940799999999971	309.0475856985859	1303.4	2864.159585698582	32906.123260600834
1296	26.0	11.62304	0.1117600000000003	316.30481601878006	1303.4	3184.3448160187845	37011.767170378975
1297	26.2	11.712448	0.22351999999999972	321.1897602188335	1303.4	4753.8697602188295	55679.452365335506
1298	27.0	12.070079999999999	0.35763199999999973	341.10386224510455	1303.4	6651.351862245101	80282.34908544735
1299	27.8	12.427712	0.2905760000000006	361.6168846330681	1303.4	5733.0808846330765	71249.0781069251
1300	28.3	12.651232	0.268224	374.7416628717172	1303.4	5433.277662871718	68737.65623340789
1301	29.0	12.96416	0.1788160000000003	393.5093938931865	1303.4	4200.333393893191	54453.79417177435
1302	29.1	13.008864	0.0	396.22793084743086	1303.4	1699.627930847431	22110.228602995634
1303	29.0	12.96416	-0.2458720000000003	393.5093938931865	1303.4	-1745.2986061068177	0.0
1304	28.0	12.51712	-0.9611359999999998	366.8387215365734	1303.4	-11785.665278463424	0.0
1305	24.7	11.041888	-1.475232	285.4650964569491	1303.4	-19064.38290354305	0.0
1306	21.4	9.566656	-1.475232	214.28247565674639	1303.4	-19135.565524343252	0.0
1307	18.1	8.091424	-1.475232	153.29085913596532	1303.4	-19196.55714086403	0.0
1308	14.8	6.616192	-1.475232	102.49024689460592	1303.4	-19247.357753105392	0.0
1309	11.5	5.14096	-1.475232	61.88063893266815	1303.4	-19287.96736106733	0.0
1310	8.2	3.6657279999999997	-1.4752319999999999	31.46203525015203	1303.4	-19318.385964749847	0.0
1311	4.9	2.190496	-1.4752319999999999	11.234435847057561	1303.4	-19338.61356415294	0.0
1312	1.6	0.715264	-1.095248	1.1978407233847297	1303.4	-14028.874159276615	0.0
1313	0.0	0.0	-0.357632	0.0	1303.4	-3703.448	0.0
1314	0.0	0.0	0.0	0.0	1303.4	1303.4	0.0
1315	0.0	0.0	0.0	0.0	1303.4	1303.4	0.0
1316	0.0	0.0	0.0	0.0	1303.4	1303.4	0.0
1317	0.0	0.0	0.0	0.0	1303.4	1303.4	0.0
1318	0.0	0.0	0.0	0.0	1303.4	1303.4	0.0
1319	0.0	0.0	0.0	0.0	1303.4	1303.4	0.0
1320	0.0	0.0	0.0	0.0	1303.4	1303.4	0.0
1321	0.0	0.0	0.0	0.0	1303.4	1303.4	0.0
1322	0.0	0.0	0.0	0.0	1303.4	1303.4	0.0
1323	0.0	0.0	0.0	0.0	1303.4	1303.4	0.0
1324	0.0	0.0	0.0	0.0	1303.4	1303.4	0.0
1325	0.0	0.0	0.0	0.0	1303.4	1303.4	0.0
1326	0.0	0.0	0.0	0.0	1303.4	1303.4	0.0
1327	0.0	0.0	0.0	0.0	1303.4	1303.4	0.0
1328	0.0	0.0	0.0	0.0	1303.4	1303.4	0.0
1329	0.0	0.0	0.0	0.0	1303.4	1303.4	0.0
1330	0.0	0.0	0.0	0.0	1303.4	1303.4	0.0
1331	0.0	0.0	0.0	0.0	1303.4	1303.4	0.0
1332	0.0	0.0	0.0	0.0	1303.4	1303.4	0.0
1333	0.0	0.0	0.0	0.0	1303.4	1303.4	0.0
1334	0.0	0.0	0.0	0.0	1303.4	1303.4	0.0
1335	0.0	0.0	0.0	0.0	1303.4	1303.4	0.0
1336	0.0	0.0	0.0	0.0	1303.4	1303.4	0.0
1337	0.0	0.0	0.33528	0.0	1303.4	5997.32	0.0
1338	1.5	0.67056	1.0728959999999998	1.0527896982873601	1303.4	16324.996789698285	10946.889847300083
1339	4.8	2.1457919999999997	1.4752319999999999	10.780566510462563	1303.4	21967.428566510465	47137.532478589615
1340	8.1	3.621024	1.4752320000000003	30.69934760205941	1303.4	21987.347347602063	79616.71244200341
1341	11.4	5.096256	1.1399519999999999	60.80913297307792	1303.4	17323.537132973077	88285.18005513685
1342	13.2	5.9009279999999995	0.8270239999999998	81.52803423537314	1303.4	12963.26403423537	76495.28771101244
1343	15.1	6.750304	0.8046720000000005	106.68736849177819	1303.4	12675.495368491784	85563.44708791155
1344	16.8	7.5102720000000005	0.7152640000000003	132.06193975316646	1303.4	11449.157939753171	85986.29029850593
1345	18.3	8.180832	0.603504	156.69721869309066	1303.4	9909.15321869309	81065.11774438745
1346	19.5	8.71728	0.44703999999999944	177.92145901056386	1303.4	7739.881459010556	67470.71384500354
1347	20.3	9.074912	0.402336	192.81960300766139	1303.4	7128.923603007663	64694.35435201747
1348	21.3	9.521952	0.35763199999999973	212.28451476266326	1303.4	6522.532514762659	62107.24152400933
1349	21.9	9.790175999999999	0.1788160000000003	224.4126520869336	1303.4	4031.236652086938	39466.51632158189
1350	22.1	9.879584000000001	0.1117600000000003	228.5302295735687	1303.4	3096.5702295735728	30592.8256949714
1351	22.4	10.013696	-0.022352000000000594	234.77678178340696	1303.4	1225.2487817833987	12269.268825149293
1352	22.0	9.83488	-0.17881599999999942	226.46676176492542	1303.4	-973.557238235066	0.0
1353	21.6	9.656064	-0.201168	218.306471836867	1303.4	-1294.6455281631333	0.0
1354	21.1	9.432544	-0.2458720000000003	208.31666736645133	1303.4	-1930.4913326335527	0.0
1355	20.5	9.16432	-0.2458720000000003	196.63772031345022	1303.4	-1942.1702796865538	0.0
1356	20.0	8.9408	-0.201168	187.16261302886394	1303.4	-1325.789386971136	0.0
1357	19.6	8.761984	-0.33528	179.75097355292098	1303.4	-3210.769026447079	0.0
1358	18.5	8.27024	-0.46939200000000003	160.14101077282174	1303.4	-5107.946989227179	0.0
1359	17.5	7.8232	-0.4470399999999999	143.296375600224	1303.4	-4811.863624399775	0.0
1360	16.5	7.37616	-0.4470399999999999	127.38755349277054	1303.4	-4827.772446507228	0.0
1361	15.5	6.92912	-0.5587999999999997	112.41454445046143	1303.4	-6407.3854555495345	0.0
1362	14.0	6.25856	-1.00584	91.70968038414335	1303.4	-12686.650319615857	0.0
1363	11.0	4.91744	-1.34112	56.616690441231356	1303.4	-17415.663309558768	0.0
1364	8.0	3.57632	-1.296416	29.946018084618238	1303.4	-16816.47798191538	0.0
1365	5.2	2.324608	-1.22936	12.652192640751206	1303.4	-15894.98780735925	0.0
1366	2.5	1.1176	-1.162304	2.924415828575999	1303.4	-14965.931584171423	0.0
1367	0.0	0.0	-0.5588	0.0	1303.4	-6519.799999999999	0.0
1368	0.0	0.0	0.0	0.0	1303.4	1303.4	0.0
1369	0.0	0.0	0.0	0.0	1303.4	1303.4	0.0
